-- PROFESOR
insert into profesor (id, nombre, apellidos, nif, contrasenya, admin, direccion, telefono, email) values (1, 'Rina', 'Rupke', '68633964X', 'ZHrt7mOk', true, '32 Heath Center', '805723652', 'rrupke0@amazon.de');
insert into profesor (id, nombre, apellidos, nif, contrasenya, admin, direccion, telefono, email) values (2, 'Shirleen', 'Rabson', '64908097L', 'kK58YSIJ', true, '89 Bunting Point', '382761737', 'srabson1@foxnews.com');
insert into profesor (id, nombre, apellidos, nif, contrasenya, admin, direccion, telefono, email) values (3, 'Carol-jean', 'Dewire', '73032676T', 'IN3LlS1p', true, '70 Hovde Center', '593511062', 'cdewire2@symantec.com');
insert into profesor (id, nombre, apellidos, nif, contrasenya, admin, direccion, telefono, email) values (4, 'Riva', 'Calton', '33952070D', 'cls5SRBS', false, '85451 Vera Road', '634408511', 'rcalton3@epa.gov');
insert into profesor (id, nombre, apellidos, nif, contrasenya, admin, direccion, telefono, email) values (5, 'Clywd', 'Galbreth', '98567662M', '2JbxohoQ', false, '8784 Merchant Plaza', '444226077', 'cgalbreth4@abc.net.au');
insert into profesor (id, nombre, apellidos, nif, contrasenya, admin, direccion, telefono, email) values (6, 'Bran', 'Lamar', '20399433X', 'xYdpek6k', true, '28508 Jenifer Parkway', '824726964', 'blamar5@umn.edu');
insert into profesor (id, nombre, apellidos, nif, contrasenya, admin, direccion, telefono, email) values (7, 'Adiana', 'Symers', '76650262M', 'afJYQhfd', true, '64 Butterfield Lane', '832069305', 'asymers6@walmart.com');
insert into profesor (id, nombre, apellidos, nif, contrasenya, admin, direccion, telefono, email) values (8, 'Judon', 'Wards', '01657241B', 'PQKhsDGB', false, '10 Fordem Place', '668176714', 'jwards7@merriam-webster.com');
insert into profesor (id, nombre, apellidos, nif, contrasenya, admin, direccion, telefono, email) values (9, 'Serge', 'Brockie', '54273807M', 'nde6V7X9', false, '4 Schiller Pass', '974601164', 'sbrockie8@craigslist.org');
insert into profesor (id, nombre, apellidos, nif, contrasenya, admin, direccion, telefono, email) values (10, 'Sampson', 'Aspenlon', '74629206X', '16bvpcuC', true, '88736 Prentice Circle', '051058138', 'saspenlon9@nih.gov');
insert into profesor (id, nombre, apellidos, nif, contrasenya, admin, direccion, telefono, email) values (11, 'Gregoor', 'Soldner', '84140118R', 'tU7xQxsO', false, '419 Michigan Trail', '249757320', 'gsoldnera@google.fr');
insert into profesor (id, nombre, apellidos, nif, contrasenya, admin, direccion, telefono, email) values (12, 'Nichols', 'Royce', '28021130H', 'Og7bkCgL', true, '52268 David Alley', '924271070', 'nroyceb@irs.gov');
insert into profesor (id, nombre, apellidos, nif, contrasenya, admin, direccion, telefono, email) values (13, 'Fara', 'Lowers', '38604860T', 'z4iOt5z7', true, '28632 Melby Trail', '065271231', 'flowersc@multiply.com');
insert into profesor (id, nombre, apellidos, nif, contrasenya, admin, direccion, telefono, email) values (14, 'Orelie', 'Nicholas', '58508110H', '7boZa6IQ', false, '8279 Quincy Place', '959722143', 'onicholasd@etsy.com');
insert into profesor (id, nombre, apellidos, nif, contrasenya, admin, direccion, telefono, email) values (15, 'Kele', 'Denziloe', '22785732H', 'zpuDcHS1', false, '2849 Lerdahl Parkway', '588305110', 'kdenziloee@nationalgeographic.com');
insert into profesor (id, nombre, apellidos, nif, contrasenya, admin, direccion, telefono, email) values (16, 'Honey', 'Peckitt', '77757140K', 'OT2XJvSS', true, '3 Hovde Crossing', '389626499', 'hpeckittf@alexa.com');
insert into profesor (id, nombre, apellidos, nif, contrasenya, admin, direccion, telefono, email) values (17, 'Myrtice', 'Antuoni', '06827487T', 'x7I6yVOm', false, '09511 Thompson Center', '681163435', 'mantuonig@umich.edu');
insert into profesor (id, nombre, apellidos, nif, contrasenya, admin, direccion, telefono, email) values (18, 'Broddy', 'Matteucci', '89364021H', 'Tan95ad3', true, '09 Talisman Alley', '864923414', 'bmatteuccih@webs.com');
insert into profesor (id, nombre, apellidos, nif, contrasenya, admin, direccion, telefono, email) values (19, 'Karon', 'McDonough', '82063056Y', 'I3OjBr6t', true, '88 Comanche Way', '366149922', 'kmcdonoughi@washington.edu');
insert into profesor (id, nombre, apellidos, nif, contrasenya, admin, direccion, telefono, email) values (20, 'Madelaine', 'Manilow', '45353669S', 'E0QLeebW', true, '65367 Bowman Lane', '304180881', 'mmanilowj@biglobe.ne.jp');
insert into profesor (id, nombre, apellidos, nif, contrasenya, admin, direccion, telefono, email) values (21, 'Henriette', 'Beert', '34457694T', 'E6pxOokt', true, '0436 6th Point', '605151365', 'hbeertk@japanpost.jp');
insert into profesor (id, nombre, apellidos, nif, contrasenya, admin, direccion, telefono, email) values (22, 'Torre', 'Wickardt', '63843497Z', 'teMHlma0', true, '2 Vera Pass', '776878443', 'twickardtl@cmu.edu');
insert into profesor (id, nombre, apellidos, nif, contrasenya, admin, direccion, telefono, email) values (23, 'Mycah', 'Bullier', '61265824O', 'q9fYUxmL', true, '807 Mesta Alley', '629619824', 'mbullierm@networksolutions.com');
insert into profesor (id, nombre, apellidos, nif, contrasenya, admin, direccion, telefono, email) values (24, 'Konstantine', 'Murney', '51253522K', 'hz30Pajj', false, '28321 Farwell Parkway', '067002887', 'kmurneyn@bizjournals.com');
insert into profesor (id, nombre, apellidos, nif, contrasenya, admin, direccion, telefono, email) values (25, 'Tod', 'Agar', '72520647B', 'io7uYGBf', true, '974 Gale Road', '575910309', 'tagaro@wufoo.com');
insert into profesor (id, nombre, apellidos, nif, contrasenya, admin, direccion, telefono, email) values (26, 'Merwin', 'Gillice', '51671329V', 'NOrQh7VQ', false, '7052 Dunning Park', '268131206', 'mgillicep@edublogs.org');
insert into profesor (id, nombre, apellidos, nif, contrasenya, admin, direccion, telefono, email) values (27, 'Inessa', 'Macallam', '35784963W', 'U3fVgwg1', true, '13648 Morningstar Junction', '307469931', 'imacallamq@live.com');
insert into profesor (id, nombre, apellidos, nif, contrasenya, admin, direccion, telefono, email) values (28, 'Bernette', 'Hamnet', '89305587J', 'ee6UBFdc', true, '53 Troy Road', '944997067', 'bhamnetr@infoseek.co.jp');
insert into profesor (id, nombre, apellidos, nif, contrasenya, admin, direccion, telefono, email) values (29, 'Troy', 'Creyke', '17248252Z', 'nfBAdpON', true, '1 La Follette Court', '207523824', 'tcreykes@youku.com');
insert into profesor (id, nombre, apellidos, nif, contrasenya, admin, direccion, telefono, email) values (30, 'Frank', 'Croall', '57877879Z', 'BcfTQzG6', true, '368 Blackbird Alley', '985571407', 'fcroallt@typepad.com');
insert into profesor (id, nombre, apellidos, nif, contrasenya, admin, direccion, telefono, email) values (31, 'Kellby', 'Levy', '38132343V', 'pY1kdSZG', false, '93 Northview Circle', '824011641', 'klevyu@digg.com');
insert into profesor (id, nombre, apellidos, nif, contrasenya, admin, direccion, telefono, email) values (32, 'Ritchie', 'Petracchi', '74308273A', 'AEBb2RYx', false, '3351 Anzinger Alley', '643324908', 'rpetracchiv@com.com');
insert into profesor (id, nombre, apellidos, nif, contrasenya, admin, direccion, telefono, email) values (33, 'Prinz', 'Drowsfield', '34652615I', 'PUXG6HU0', false, '603 Dahle Center', '444247605', 'pdrowsfieldw@walmart.com');
insert into profesor (id, nombre, apellidos, nif, contrasenya, admin, direccion, telefono, email) values (34, 'Wilhelmine', 'De Ambrosis', '57780813K', 'ce0a1HhQ', true, '936 Ludington Court', '251441576', 'wdeambrosisx@springer.com');
insert into profesor (id, nombre, apellidos, nif, contrasenya, admin, direccion, telefono, email) values (35, 'Missie', 'Giacomuzzi', '97342192P', 'RtzZi36e', true, '75 Kensington Terrace', '403914506', 'mgiacomuzziy@google.es');
insert into profesor (id, nombre, apellidos, nif, contrasenya, admin, direccion, telefono, email) values (36, 'Martynne', 'Koschek', '55903855Y', 'VMuXqajR', true, '32 Algoma Pass', '135215834', 'mkoschekz@tripod.com');
insert into profesor (id, nombre, apellidos, nif, contrasenya, admin, direccion, telefono, email) values (37, 'Ali', 'Sketcher', '58272062U', 'TNsiOFv8', false, '4680 Dapin Place', '038841373', 'asketcher10@nih.gov');
insert into profesor (id, nombre, apellidos, nif, contrasenya, admin, direccion, telefono, email) values (38, 'Shayna', 'Kleiser', '66618766N', '8gxFpexD', false, '75068 Chinook Lane', '895206603', 'skleiser11@sphinn.com');
insert into profesor (id, nombre, apellidos, nif, contrasenya, admin, direccion, telefono, email) values (39, 'Hardy', 'Swinnard', '55424388H', '0EASAnz8', false, '1097 Springs Circle', '364767838', 'hswinnard12@liveinternet.ru');
insert into profesor (id, nombre, apellidos, nif, contrasenya, admin, direccion, telefono, email) values (40, 'Tammara', 'Fihelly', '07127389J', 'k1ctzhCv', true, '256 Springview Parkway', '325086383', 'tfihelly13@bloglovin.com');
insert into profesor (id, nombre, apellidos, nif, contrasenya, admin, direccion, telefono, email) values (41, 'Reinaldo', 'Branno', '31077147L', 'pa9n6Kx4', false, '1758 Blaine Drive', '050632876', 'rbranno14@mail.ru');
insert into profesor (id, nombre, apellidos, nif, contrasenya, admin, direccion, telefono, email) values (42, 'Joelly', 'Nicholson', '89569038Q', '3aHRZ8wV', false, '87 Rockefeller Lane', '605559501', 'jnicholson15@feedburner.com');
insert into profesor (id, nombre, apellidos, nif, contrasenya, admin, direccion, telefono, email) values (43, 'Bren', 'Parken', '83824774L', 'Far4W4xl', true, '523 Crescent Oaks Hill', '981952047', 'bparken16@shop-pro.jp');
insert into profesor (id, nombre, apellidos, nif, contrasenya, admin, direccion, telefono, email) values (44, 'Dniren', 'Fraine', '40104639G', 'B6VTIZ9g', true, '13 Jay Alley', '485921286', 'dfraine17@e-recht24.de');
insert into profesor (id, nombre, apellidos, nif, contrasenya, admin, direccion, telefono, email) values (45, 'Jacquette', 'Cains', '06586024N', 'Iu7CA64q', true, '4638 Farwell Park', '790535017', 'jcains18@amazon.com');
insert into profesor (id, nombre, apellidos, nif, contrasenya, admin, direccion, telefono, email) values (46, 'Rosanna', 'Eirwin', '35713743M', 'tS2uClTT', true, '607 Dryden Plaza', '529103650', 'reirwin19@dell.com');
insert into profesor (id, nombre, apellidos, nif, contrasenya, admin, direccion, telefono, email) values (47, 'Morissa', 'Fibben', '85151643W', 'H9kIgLmd', false, '4408 Forest Lane', '774262470', 'mfibben1a@ask.com');
insert into profesor (id, nombre, apellidos, nif, contrasenya, admin, direccion, telefono, email) values (48, 'Bernardo', 'Heales', '69873920X', 'yFXw6HvM', true, '7 Delaware Hill', '330689818', 'bheales1b@wikispaces.com');
insert into profesor (id, nombre, apellidos, nif, contrasenya, admin, direccion, telefono, email) values (49, 'Reine', 'Keppin', '74389486N', 'dDl7NVfj', false, '7672 Green Ridge Crossing', '126952399', 'rkeppin1c@hhs.gov');
insert into profesor (id, nombre, apellidos, nif, contrasenya, admin, direccion, telefono, email) values (50, 'Niles', 'Vernalls', '63150071N', 'l8EIH7nQ', false, '439 Raven Alley', '337046028', 'nvernalls1d@senate.gov');
insert into profesor (id, nombre, apellidos, nif, contrasenya, admin, direccion, telefono, email) values (51, 'Lorettalorna', 'Leggott', '39188901E', 'Pa2o18ry', true, '48868 Upham Pass', '548141169', 'lleggott1e@bing.com');
insert into profesor (id, nombre, apellidos, nif, contrasenya, admin, direccion, telefono, email) values (52, 'Jeremiah', 'Newlan', '32774662X', 'KKcB7GA2', true, '4582 Washington Place', '811097680', 'jnewlan1f@desdev.cn');
insert into profesor (id, nombre, apellidos, nif, contrasenya, admin, direccion, telefono, email) values (53, 'Way', 'Aronstam', '37798778K', 'M8PBanmt', false, '92 2nd Drive', '355658843', 'waronstam1g@mysql.com');
insert into profesor (id, nombre, apellidos, nif, contrasenya, admin, direccion, telefono, email) values (54, 'Gisella', 'Moncur', '87478240F', '3xOvUpNP', false, '6112 Grasskamp Lane', '118650262', 'gmoncur1h@arstechnica.com');
insert into profesor (id, nombre, apellidos, nif, contrasenya, admin, direccion, telefono, email) values (55, 'Morgen', 'Zammett', '09184734K', 'FnZPDmLW', true, '6440 Gateway Crossing', '027864222', 'mzammett1i@infoseek.co.jp');
insert into profesor (id, nombre, apellidos, nif, contrasenya, admin, direccion, telefono, email) values (56, 'Virgie', 'Atthow', '44439068T', 'v9tpAxid', true, '17 Larry Lane', '470195635', 'vatthow1j@biblegateway.com');
insert into profesor (id, nombre, apellidos, nif, contrasenya, admin, direccion, telefono, email) values (57, 'Tabby', 'Landell', '44230043H', 'gdhHe3iR', false, '82088 Morningstar Plaza', '590367191', 'tlandell1k@drupal.org');
insert into profesor (id, nombre, apellidos, nif, contrasenya, admin, direccion, telefono, email) values (58, 'Rivalee', 'Jumonet', '89807867O', 'opNJtD9j', false, '32031 Macpherson Street', '148757366', 'rjumonet1l@quantcast.com');
insert into profesor (id, nombre, apellidos, nif, contrasenya, admin, direccion, telefono, email) values (59, 'Zed', 'O''Dyvoie', '71511650P', 'zhcmn1BD', true, '186 Gerald Road', '709136964', 'zodyvoie1m@pen.io');
insert into profesor (id, nombre, apellidos, nif, contrasenya, admin, direccion, telefono, email) values (60, 'Melantha', 'Mathieson', '63351927Z', 'V4dpv10e', true, '3 Mcguire Junction', '948634797', 'mmathieson1n@ted.com');
insert into profesor (id, nombre, apellidos, nif, contrasenya, admin, direccion, telefono, email) values (61, 'Iseabal', 'Imlacke', '47705264V', 'U3vaLHKY', true, '11 Clyde Gallagher Alley', '132594889', 'iimlacke1o@soundcloud.com');
insert into profesor (id, nombre, apellidos, nif, contrasenya, admin, direccion, telefono, email) values (62, 'Claresta', 'Wratten', '48919792U', 'VJ1VorcF', true, '03 Hoard Junction', '390032989', 'cwratten1p@trellian.com');
insert into profesor (id, nombre, apellidos, nif, contrasenya, admin, direccion, telefono, email) values (63, 'Waiter', 'Fells', '90700037H', 'p90m3iaK', true, '7022 Northland Avenue', '225743939', 'wfells1q@homestead.com');
insert into profesor (id, nombre, apellidos, nif, contrasenya, admin, direccion, telefono, email) values (64, 'Nahum', 'Justice', '73159394M', 'Imp5hpdA', false, '05 Melrose Crossing', '902455595', 'njustice1r@nationalgeographic.com');
insert into profesor (id, nombre, apellidos, nif, contrasenya, admin, direccion, telefono, email) values (65, 'Kristal', 'Cissell', '19561985S', 'nN8whCFj', false, '77 8th Way', '907223114', 'kcissell1s@squarespace.com');
insert into profesor (id, nombre, apellidos, nif, contrasenya, admin, direccion, telefono, email) values (66, 'Javier', 'Browne', '10533993K', 'mm0PW8Zd', true, '0 Jay Terrace', '058785013', 'jbrowne1t@wikia.com');
insert into profesor (id, nombre, apellidos, nif, contrasenya, admin, direccion, telefono, email) values (67, 'Inessa', 'Coopland', '66921240F', 'dkBPoY0s', false, '1 Merchant Center', '416119189', 'icoopland1u@list-manage.com');
insert into profesor (id, nombre, apellidos, nif, contrasenya, admin, direccion, telefono, email) values (68, 'Peggi', 'Aiers', '72241212K', 's8R5CSAl', false, '7040 Esch Place', '812005462', 'paiers1v@opensource.org');
insert into profesor (id, nombre, apellidos, nif, contrasenya, admin, direccion, telefono, email) values (69, 'Ondrea', 'Kenworthey', '00239448C', 'ne1X1Miu', true, '8859 Elgar Trail', '845724442', 'okenworthey1w@nih.gov');
insert into profesor (id, nombre, apellidos, nif, contrasenya, admin, direccion, telefono, email) values (70, 'Chrystel', 'Rouchy', '12093120E', '1zsptb3R', true, '29202 Merchant Road', '726624287', 'crouchy1x@plala.or.jp');
insert into profesor (id, nombre, apellidos, nif, contrasenya, admin, direccion, telefono, email) values (71, 'Shane', 'Alywin', '28338425T', '96TwUO2X', false, '9212 Waubesa Crossing', '709919128', 'salywin1y@uiuc.edu');
insert into profesor (id, nombre, apellidos, nif, contrasenya, admin, direccion, telefono, email) values (72, 'Rossy', 'Guerro', '87773592B', 'N840qwiu', true, '61 Kim Junction', '667011322', 'rguerro1z@yale.edu');
insert into profesor (id, nombre, apellidos, nif, contrasenya, admin, direccion, telefono, email) values (73, 'Robbie', 'Dudenie', '89936903H', 'tqEhXjQd', false, '10 Brentwood Center', '850076870', 'rdudenie20@umn.edu');
insert into profesor (id, nombre, apellidos, nif, contrasenya, admin, direccion, telefono, email) values (74, 'Gillan', 'O''Hern', '84839178G', 'BfMlHz9Q', true, '5 Dayton Pass', '805568941', 'gohern21@hatena.ne.jp');
insert into profesor (id, nombre, apellidos, nif, contrasenya, admin, direccion, telefono, email) values (75, 'Thea', 'Vittle', '00989963S', 'gZW18pHy', false, '03797 Old Shore Place', '205547200', 'tvittle22@washingtonpost.com');
insert into profesor (id, nombre, apellidos, nif, contrasenya, admin, direccion, telefono, email) values (76, 'Nicky', 'Biggerdike', '51604441T', 'wz4zG1kx', false, '29804 Myrtle Road', '366752284', 'nbiggerdike23@gov.uk');
insert into profesor (id, nombre, apellidos, nif, contrasenya, admin, direccion, telefono, email) values (77, 'Alberta', 'Ferrarin', '94634832M', '7tKV2rV4', true, '83067 Daystar Center', '958011063', 'aferrarin24@nih.gov');
insert into profesor (id, nombre, apellidos, nif, contrasenya, admin, direccion, telefono, email) values (78, 'La verne', 'Gerran', '06534635Q', '3yWeHfrE', false, '9 Corben Alley', '433365498', 'lgerran25@nationalgeographic.com');
insert into profesor (id, nombre, apellidos, nif, contrasenya, admin, direccion, telefono, email) values (79, 'Haskell', 'Drogan', '40120951D', 'SmTGzj3m', false, '904 Blackbird Trail', '812227951', 'hdrogan26@narod.ru');
insert into profesor (id, nombre, apellidos, nif, contrasenya, admin, direccion, telefono, email) values (80, 'Ronica', 'Christin', '48463461E', 'VI64AYu7', true, '4 Steensland Drive', '024223755', 'rchristin27@dedecms.com');
insert into profesor (id, nombre, apellidos, nif, contrasenya, admin, direccion, telefono, email) values (81, 'Garrott', 'Fagan', '78264478Q', 'fYBmJUEr', false, '39 Meadow Ridge Pass', '924114806', 'gfagan28@slashdot.org');
insert into profesor (id, nombre, apellidos, nif, contrasenya, admin, direccion, telefono, email) values (82, 'Robbie', 'Tookill', '48384007E', '7HcNH8hb', false, '380 Prentice Drive', '081763737', 'rtookill29@amazon.co.uk');
insert into profesor (id, nombre, apellidos, nif, contrasenya, admin, direccion, telefono, email) values (83, 'Layney', 'Keys', '45027809Q', '017ELlwT', true, '101 Gerald Road', '338002228', 'lkeys2a@1und1.de');
insert into profesor (id, nombre, apellidos, nif, contrasenya, admin, direccion, telefono, email) values (84, 'Carlita', 'Lumsdon', '06947654G', 'rlMJ9Jwp', false, '0 Bluestem Drive', '758960573', 'clumsdon2b@upenn.edu');
insert into profesor (id, nombre, apellidos, nif, contrasenya, admin, direccion, telefono, email) values (85, 'Sheilakathryn', 'Anstice', '33063912C', '2Q3AIBy8', false, '75882 Washington Trail', '347433380', 'sanstice2c@stumbleupon.com');
insert into profesor (id, nombre, apellidos, nif, contrasenya, admin, direccion, telefono, email) values (86, 'Thedric', 'Baumler', '88397083X', 'XaC7UqvQ', false, '32264 Pepper Wood Way', '703778432', 'tbaumler2d@eventbrite.com');
insert into profesor (id, nombre, apellidos, nif, contrasenya, admin, direccion, telefono, email) values (87, 'Danika', 'Cruse', '39753993G', 'TS9qWJ11', true, '9451 Fallview Drive', '039371696', 'dcruse2e@engadget.com');
insert into profesor (id, nombre, apellidos, nif, contrasenya, admin, direccion, telefono, email) values (88, 'Artemas', 'Kerner', '38209092O', 'pdOZM0cr', true, '8 Fordem Place', '398885978', 'akerner2f@i2i.jp');
insert into profesor (id, nombre, apellidos, nif, contrasenya, admin, direccion, telefono, email) values (89, 'Jillie', 'Coulling', '51538482A', '6zN4zmIO', true, '03867 David Street', '924144979', 'jcoulling2g@arstechnica.com');
insert into profesor (id, nombre, apellidos, nif, contrasenya, admin, direccion, telefono, email) values (90, 'Jacklin', 'Hyams', '95863889M', 'fTh25Q3C', false, '29077 Sutherland Way', '693855549', 'jhyams2h@nydailynews.com');
insert into profesor (id, nombre, apellidos, nif, contrasenya, admin, direccion, telefono, email) values (91, 'Laurent', 'Bratton', '08681180P', 'YjqQIt1Y', true, '267 Forest Dale Lane', '990607017', 'lbratton2i@biblegateway.com');
insert into profesor (id, nombre, apellidos, nif, contrasenya, admin, direccion, telefono, email) values (92, 'Halie', 'Skittreal', '64196384F', 'UFMjW1uw', true, '03 Holmberg Way', '169432099', 'hskittreal2j@sun.com');
insert into profesor (id, nombre, apellidos, nif, contrasenya, admin, direccion, telefono, email) values (93, 'Bondie', 'Totman', '13202766P', '2Jx7DnyV', false, '4 Amoth Point', '556404485', 'btotman2k@gov.uk');
insert into profesor (id, nombre, apellidos, nif, contrasenya, admin, direccion, telefono, email) values (94, 'Ilise', 'Pareman', '89949916X', '4ewbrxGx', true, '9513 Meadow Vale Plaza', '390101753', 'ipareman2l@si.edu');
insert into profesor (id, nombre, apellidos, nif, contrasenya, admin, direccion, telefono, email) values (95, 'Georgeanna', 'Matushenko', '02899953A', 'AZhfTwcX', true, '1998 Sunfield Circle', '044519717', 'gmatushenko2m@vk.com');
insert into profesor (id, nombre, apellidos, nif, contrasenya, admin, direccion, telefono, email) values (96, 'Sheff', 'Jillins', '39124885P', 'VvOV5rvX', true, '11079 Luster Park', '989085741', 'sjillins2n@google.com.au');
insert into profesor (id, nombre, apellidos, nif, contrasenya, admin, direccion, telefono, email) values (97, 'Adriana', 'Fish', '85952563W', 'LHgkrJJb', true, '0060 Northview Terrace', '018781276', 'afish2o@constantcontact.com');
insert into profesor (id, nombre, apellidos, nif, contrasenya, admin, direccion, telefono, email) values (98, 'Mendy', 'Zapatero', '69175450T', 'agqBQRfx', false, '79 Vermont Lane', '668876537', 'mzapatero2p@paypal.com');
insert into profesor (id, nombre, apellidos, nif, contrasenya, admin, direccion, telefono, email) values (99, 'Ilka', 'Frontczak', '96871027W', '7eLIbTwj', true, '644 Claremont Drive', '193641349', 'ifrontczak2q@telegraph.co.uk');
insert into profesor (id, nombre, apellidos, nif, contrasenya, admin, direccion, telefono, email) values (100, 'Edwin', 'Dybald', '85305128K', 'WZjppnMC', true, '8337 Fordem Hill', '466433485', 'edybald2r@techcrunch.com');
insert into profesor (id, nombre, apellidos, nif, contrasenya, admin, direccion, telefono, email) values (101, 'Deina', 'Moreing', '58884634J', '7sCUbOBL', false, '8 Ronald Regan Park', '854710542', 'dmoreing2s@nyu.edu');
insert into profesor (id, nombre, apellidos, nif, contrasenya, admin, direccion, telefono, email) values (102, 'Augustine', 'Nellies', '90768146S', 'B30QUkQO', false, '247 Schurz Junction', '149100953', 'anellies2t@delicious.com');
insert into profesor (id, nombre, apellidos, nif, contrasenya, admin, direccion, telefono, email) values (103, 'Brendis', 'Deaville', '54190597W', 'h0EOJ4YU', false, '70 Old Shore Terrace', '466688293', 'bdeaville2u@google.co.uk');
insert into profesor (id, nombre, apellidos, nif, contrasenya, admin, direccion, telefono, email) values (104, 'Trevar', 'Pennetta', '20294966D', 'Hmz2dzwZ', false, '29711 Thackeray Junction', '115218048', 'tpennetta2v@a8.net');
insert into profesor (id, nombre, apellidos, nif, contrasenya, admin, direccion, telefono, email) values (105, 'Dela', 'Kynett', '89296057F', 'Kgcli7w9', false, '05 Twin Pines Place', '984629459', 'dkynett2w@discuz.net');
insert into profesor (id, nombre, apellidos, nif, contrasenya, admin, direccion, telefono, email) values (106, 'Eden', 'Mountjoy', '44986883T', 'KcADgWoz', true, '9 Walton Park', '645769131', 'emountjoy2x@ibm.com');
insert into profesor (id, nombre, apellidos, nif, contrasenya, admin, direccion, telefono, email) values (107, 'Bevan', 'Daysh', '48762758F', 'IGbfWVPh', false, '41 Ridgeview Parkway', '959410443', 'bdaysh2y@pen.io');
insert into profesor (id, nombre, apellidos, nif, contrasenya, admin, direccion, telefono, email) values (108, 'Anton', 'Secker', '79522374T', 'paLrsZny', true, '91397 Main Street', '939739151', 'asecker2z@jugem.jp');
insert into profesor (id, nombre, apellidos, nif, contrasenya, admin, direccion, telefono, email) values (109, 'Chevalier', 'Outright', '66377220M', 'MSwesQQM', true, '31267 Saint Paul Point', '206762071', 'coutright30@rediff.com');
insert into profesor (id, nombre, apellidos, nif, contrasenya, admin, direccion, telefono, email) values (110, 'Bernadene', 'Linnell', '52983774H', 'XQJwzeVi', true, '85 Forster Circle', '375796920', 'blinnell31@wired.com');
insert into profesor (id, nombre, apellidos, nif, contrasenya, admin, direccion, telefono, email) values (111, 'Dita', 'Skull', '46609379C', 'ERqBnS5j', true, '6 Valley Edge Hill', '148563914', 'dskull32@w3.org');
insert into profesor (id, nombre, apellidos, nif, contrasenya, admin, direccion, telefono, email) values (112, 'Theadora', 'Bastide', '04654315O', 'mp8cDV4r', true, '1 Acker Crossing', '856862504', 'tbastide33@wikia.com');
insert into profesor (id, nombre, apellidos, nif, contrasenya, admin, direccion, telefono, email) values (113, 'Kaye', 'Patillo', '64429759D', 'LcZaNxEu', true, '8 Magdeline Drive', '957051291', 'kpatillo34@naver.com');
insert into profesor (id, nombre, apellidos, nif, contrasenya, admin, direccion, telefono, email) values (114, 'Robinia', 'Kleinsmuntz', '53499915Y', 'h1V68vnk', false, '0069 Carioca Drive', '204182103', 'rkleinsmuntz35@tripod.com');
insert into profesor (id, nombre, apellidos, nif, contrasenya, admin, direccion, telefono, email) values (115, 'Moyra', 'Rodolico', '55939444N', 'K0uPXPVI', false, '05255 Lien Alley', '136585343', 'mrodolico36@instagram.com');
insert into profesor (id, nombre, apellidos, nif, contrasenya, admin, direccion, telefono, email) values (116, 'Annice', 'Bolte', '57978174M', 'P3xwu4eT', false, '336 6th Street', '205527303', 'abolte37@quantcast.com');
insert into profesor (id, nombre, apellidos, nif, contrasenya, admin, direccion, telefono, email) values (117, 'Lotte', 'Parslow', '14828414S', 'tA8g6d1m', true, '06 Dahle Trail', '798051071', 'lparslow38@admin.ch');
insert into profesor (id, nombre, apellidos, nif, contrasenya, admin, direccion, telefono, email) values (118, 'Ewen', 'Leversha', '66681230U', 'jTsEEv9Q', true, '901 Emmet Center', '425875557', 'eleversha39@bloomberg.com');
insert into profesor (id, nombre, apellidos, nif, contrasenya, admin, direccion, telefono, email) values (119, 'Joella', 'Rontree', '00443060C', 'dIxYC6we', false, '75512 Hagan Parkway', '415311807', 'jrontree3a@elpais.com');
insert into profesor (id, nombre, apellidos, nif, contrasenya, admin, direccion, telefono, email) values (120, 'Ali', 'Benedettini', '44300522L', 'YZfjIeww', true, '41 Lien Way', '352398092', 'abenedettini3b@jiathis.com');
insert into profesor (id, nombre, apellidos, nif, contrasenya, admin, direccion, telefono, email) values (121, 'Vida', 'Darbyshire', '95388723P', 't5RffynX', true, '116 Chinook Park', '134159087', 'vdarbyshire3c@plala.or.jp');
insert into profesor (id, nombre, apellidos, nif, contrasenya, admin, direccion, telefono, email) values (122, 'Augustina', 'Handrahan', '88367287U', '0O8N1LN5', true, '94313 Ramsey Park', '854505205', 'ahandrahan3d@cisco.com');
insert into profesor (id, nombre, apellidos, nif, contrasenya, admin, direccion, telefono, email) values (123, 'Nelly', 'Bruckental', '07817486I', 'pdD6kmOc', false, '67440 Warbler Terrace', '927613701', 'nbruckental3e@ezinearticles.com');
insert into profesor (id, nombre, apellidos, nif, contrasenya, admin, direccion, telefono, email) values (124, 'Horst', 'Tonner', '41068927P', 'Hcwgdest', true, '4876 Continental Street', '673594389', 'htonner3f@umich.edu');
insert into profesor (id, nombre, apellidos, nif, contrasenya, admin, direccion, telefono, email) values (125, 'Jordana', 'Maseyk', '26690374Y', 'lSXrTWDl', true, '3342 Darwin Drive', '999226851', 'jmaseyk3g@lycos.com');
insert into profesor (id, nombre, apellidos, nif, contrasenya, admin, direccion, telefono, email) values (126, 'Maurita', 'Gandrich', '45454140X', 'zABmayj6', false, '43 Walton Parkway', '683725567', 'mgandrich3h@yolasite.com');
insert into profesor (id, nombre, apellidos, nif, contrasenya, admin, direccion, telefono, email) values (127, 'Erna', 'Tarbard', '15605733K', 'aF0KyRfU', true, '4 Pepper Wood Avenue', '025376582', 'etarbard3i@omniture.com');
insert into profesor (id, nombre, apellidos, nif, contrasenya, admin, direccion, telefono, email) values (128, 'Matti', 'Varvell', '36708360S', 'al1sPa72', false, '61209 Banding Trail', '828448553', 'mvarvell3j@delicious.com');
insert into profesor (id, nombre, apellidos, nif, contrasenya, admin, direccion, telefono, email) values (129, 'Ford', 'Sissons', '03153196W', 'O6w2CtWY', true, '52869 Prentice Parkway', '314851820', 'fsissons3k@opensource.org');
insert into profesor (id, nombre, apellidos, nif, contrasenya, admin, direccion, telefono, email) values (130, 'Nathanil', 'Vanelli', '51025772Q', '9EUE07pV', true, '8 Kipling Crossing', '734340279', 'nvanelli3l@wsj.com');
insert into profesor (id, nombre, apellidos, nif, contrasenya, admin, direccion, telefono, email) values (131, 'Zora', 'Haggath', '30378046R', '1H5U6LqG', false, '3700 Bartelt Place', '189424736', 'zhaggath3m@jugem.jp');
insert into profesor (id, nombre, apellidos, nif, contrasenya, admin, direccion, telefono, email) values (132, 'Liz', 'Lanegran', '97661619P', 'HXQKDjjt', false, '2 Fair Oaks Alley', '277722107', 'llanegran3n@feedburner.com');
insert into profesor (id, nombre, apellidos, nif, contrasenya, admin, direccion, telefono, email) values (133, 'Rosamund', 'Mechi', '91147682X', 'ucB9VyKv', false, '43911 Manufacturers Center', '043911225', 'rmechi3o@macromedia.com');
insert into profesor (id, nombre, apellidos, nif, contrasenya, admin, direccion, telefono, email) values (134, 'Jone', 'Addlestone', '31066649N', 'xFrvdi0G', false, '69711 Graedel Place', '777950567', 'jaddlestone3p@omniture.com');
insert into profesor (id, nombre, apellidos, nif, contrasenya, admin, direccion, telefono, email) values (135, 'Emeline', 'Lemmers', '45735037J', 'MiKvpPkK', true, '05570 American Ash Point', '058449621', 'elemmers3q@forbes.com');
insert into profesor (id, nombre, apellidos, nif, contrasenya, admin, direccion, telefono, email) values (136, 'Benjy', 'Crosscombe', '97917166U', 'kzv6jlYz', false, '93780 Prairieview Trail', '789297517', 'bcrosscombe3r@com.com');
insert into profesor (id, nombre, apellidos, nif, contrasenya, admin, direccion, telefono, email) values (137, 'Noelani', 'Gonthard', '22664193N', 'JTHYvn9j', true, '9 Oak Valley Court', '019279937', 'ngonthard3s@arizona.edu');
insert into profesor (id, nombre, apellidos, nif, contrasenya, admin, direccion, telefono, email) values (138, 'Sharia', 'Greson', '01743763B', 'VLmmZbbK', true, '40 Erie Park', '117554690', 'sgreson3t@symantec.com');
insert into profesor (id, nombre, apellidos, nif, contrasenya, admin, direccion, telefono, email) values (139, 'Drusy', 'Berks', '78310995X', 'XFhI780W', true, '0177 Stuart Road', '411301817', 'dberks3u@comsenz.com');
insert into profesor (id, nombre, apellidos, nif, contrasenya, admin, direccion, telefono, email) values (140, 'Courtney', 'Grigorian', '76525980T', '6Go76Mf0', false, '48 Del Sol Place', '889545842', 'cgrigorian3v@squidoo.com');
insert into profesor (id, nombre, apellidos, nif, contrasenya, admin, direccion, telefono, email) values (141, 'Stormi', 'Archdeacon', '79251011B', 'QuxOsS8V', false, '207 Comanche Pass', '892994776', 'sarchdeacon3w@msn.com');
insert into profesor (id, nombre, apellidos, nif, contrasenya, admin, direccion, telefono, email) values (142, 'Rhianon', 'Daveridge', '36929984C', 'UPIa0E9e', false, '13517 Anhalt Lane', '994056010', 'rdaveridge3x@g.co');
insert into profesor (id, nombre, apellidos, nif, contrasenya, admin, direccion, telefono, email) values (143, 'Grazia', 'Slocom', '26000998L', 'rOaQF7Uh', true, '1 Debs Place', '274374268', 'gslocom3y@webnode.com');
insert into profesor (id, nombre, apellidos, nif, contrasenya, admin, direccion, telefono, email) values (144, 'Lydie', 'Itzkovwitch', '32598564C', 'NwaajLMe', false, '0 Miller Court', '903098023', 'litzkovwitch3z@lulu.com');
insert into profesor (id, nombre, apellidos, nif, contrasenya, admin, direccion, telefono, email) values (145, 'Isa', 'Hassen', '90801009D', 'nWBy3ZWx', true, '73 Stang Parkway', '592973861', 'ihassen40@loc.gov');
insert into profesor (id, nombre, apellidos, nif, contrasenya, admin, direccion, telefono, email) values (146, 'Diannne', 'Durdan', '79414237F', '6FCoKmof', false, '98038 Anzinger Court', '835367143', 'ddurdan41@123-reg.co.uk');
insert into profesor (id, nombre, apellidos, nif, contrasenya, admin, direccion, telefono, email) values (147, 'Silvie', 'Gorrie', '51810317B', 'CVYLEriP', true, '704 Badeau Center', '652559522', 'sgorrie42@prlog.org');
insert into profesor (id, nombre, apellidos, nif, contrasenya, admin, direccion, telefono, email) values (148, 'Gaylord', 'Ferrulli', '55102383Q', 'lGq9zEwd', false, '01828 Eastlawn Junction', '804304551', 'gferrulli43@google.com');
insert into profesor (id, nombre, apellidos, nif, contrasenya, admin, direccion, telefono, email) values (149, 'Chance', 'De Roeck', '09885698I', 'GXeZbNBX', true, '29 Stuart Pass', '604356400', 'cderoeck44@e-recht24.de');
insert into profesor (id, nombre, apellidos, nif, contrasenya, admin, direccion, telefono, email) values (150, 'Bridie', 'Scarce', '69641610T', 'tH5UuPP4', true, '7680 Parkside Drive', '808158460', 'bscarce45@gravatar.com');
insert into profesor (id, nombre, apellidos, nif, contrasenya, admin, direccion, telefono, email) values (151, 'Normie', 'Ruske', '85742426Z', 'RbIqqK39', true, '1178 Southridge Alley', '817392414', 'nruske46@usnews.com');
insert into profesor (id, nombre, apellidos, nif, contrasenya, admin, direccion, telefono, email) values (152, 'Nichole', 'Naismith', '55096082E', 'rQ2pCtvH', true, '65 Northridge Terrace', '062749590', 'nnaismith47@economist.com');
insert into profesor (id, nombre, apellidos, nif, contrasenya, admin, direccion, telefono, email) values (153, 'Avis', 'Bushill', '95470863X', 'l83ZcSan', false, '2986 Graceland Terrace', '193187050', 'abushill48@dedecms.com');
insert into profesor (id, nombre, apellidos, nif, contrasenya, admin, direccion, telefono, email) values (154, 'Tamas', 'Darnbrook', '60414600B', 'qEiPOR9v', true, '145 Cordelia Drive', '421088936', 'tdarnbrook49@buzzfeed.com');
insert into profesor (id, nombre, apellidos, nif, contrasenya, admin, direccion, telefono, email) values (155, 'Jed', 'Alishoner', '89265587P', 'xE01AnIL', false, '763 Hudson Trail', '388471024', 'jalishoner4a@nytimes.com');
insert into profesor (id, nombre, apellidos, nif, contrasenya, admin, direccion, telefono, email) values (156, 'Bekki', 'Andrioni', '69182314F', 'KpneK6sH', false, '48 Eggendart Parkway', '916916000', 'bandrioni4b@facebook.com');
insert into profesor (id, nombre, apellidos, nif, contrasenya, admin, direccion, telefono, email) values (157, 'Sax', 'MacAlpyne', '29084122S', 'H5xTebc4', false, '67067 Norway Maple Way', '571459552', 'smacalpyne4c@redcross.org');
insert into profesor (id, nombre, apellidos, nif, contrasenya, admin, direccion, telefono, email) values (158, 'Letizia', 'Castanos', '30960442Y', '2ZPiRDXG', false, '32932 Dottie Circle', '252916505', 'lcastanos4d@statcounter.com');
insert into profesor (id, nombre, apellidos, nif, contrasenya, admin, direccion, telefono, email) values (159, 'Betti', 'Vallantine', '34346177W', 'uoM31tl6', false, '2 Monument Plaza', '326501572', 'bvallantine4e@google.co.uk');
insert into profesor (id, nombre, apellidos, nif, contrasenya, admin, direccion, telefono, email) values (160, 'Nola', 'Vinden', '69985398L', 'f6j4kKj1', true, '8913 Stang Center', '473175040', 'nvinden4f@deliciousdays.com');
insert into profesor (id, nombre, apellidos, nif, contrasenya, admin, direccion, telefono, email) values (161, 'Ingar', 'Artingstall', '65148544W', 'WIBYwGxM', false, '492 Morningstar Place', '836567618', 'iartingstall4g@telegraph.co.uk');
insert into profesor (id, nombre, apellidos, nif, contrasenya, admin, direccion, telefono, email) values (162, 'Damon', 'Mollindinia', '94258316F', 'XDJH4sLm', true, '0442 Swallow Court', '778279252', 'dmollindinia4h@usatoday.com');
insert into profesor (id, nombre, apellidos, nif, contrasenya, admin, direccion, telefono, email) values (163, 'Itch', 'Stolte', '26923821J', 'EnBNX9sO', true, '2072 Oakridge Terrace', '273541648', 'istolte4i@house.gov');
insert into profesor (id, nombre, apellidos, nif, contrasenya, admin, direccion, telefono, email) values (164, 'Terra', 'Creane', '74194621W', 'dTLjJn7W', true, '6447 Carpenter Point', '338362515', 'tcreane4j@npr.org');
insert into profesor (id, nombre, apellidos, nif, contrasenya, admin, direccion, telefono, email) values (165, 'Rodrick', 'Rosenbaum', '28185819X', 'XknImzAG', true, '0122 Upham Alley', '872577583', 'rrosenbaum4k@posterous.com');
insert into profesor (id, nombre, apellidos, nif, contrasenya, admin, direccion, telefono, email) values (166, 'Skip', 'Dickerline', '22938098D', 'ojqPVVji', false, '71 Burning Wood Trail', '719870870', 'sdickerline4l@whitehouse.gov');
insert into profesor (id, nombre, apellidos, nif, contrasenya, admin, direccion, telefono, email) values (167, 'Oren', 'Seivertsen', '89031824Y', 'y9QpJBef', true, '055 Jenifer Crossing', '311790971', 'oseivertsen4m@cbsnews.com');
insert into profesor (id, nombre, apellidos, nif, contrasenya, admin, direccion, telefono, email) values (168, 'Kelly', 'Hoyle', '38629169R', 'tDvir0D1', true, '2388 Holy Cross Way', '621522191', 'khoyle4n@squarespace.com');
insert into profesor (id, nombre, apellidos, nif, contrasenya, admin, direccion, telefono, email) values (169, 'Fredrick', 'McGrale', '85454395X', '9BpFQLq0', true, '80 Jay Court', '143051552', 'fmcgrale4o@cnbc.com');
insert into profesor (id, nombre, apellidos, nif, contrasenya, admin, direccion, telefono, email) values (170, 'Gavra', 'Piner', '73859897P', 'sXTOGYkA', false, '67877 5th Center', '143799582', 'gpiner4p@scribd.com');
insert into profesor (id, nombre, apellidos, nif, contrasenya, admin, direccion, telefono, email) values (171, 'Marta', 'Parade', '68513407S', 'j5QCIk2f', false, '88 Warner Junction', '811667831', 'mparade4q@alibaba.com');
insert into profesor (id, nombre, apellidos, nif, contrasenya, admin, direccion, telefono, email) values (172, 'Nevins', 'Kenton', '57132733K', 'AukH7dx9', false, '861 Muir Place', '277010567', 'nkenton4r@thetimes.co.uk');
insert into profesor (id, nombre, apellidos, nif, contrasenya, admin, direccion, telefono, email) values (173, 'Wendy', 'Charlewood', '76333459S', 'qSaXpRoA', true, '6 Acker Street', '974828434', 'wcharlewood4s@phpbb.com');
insert into profesor (id, nombre, apellidos, nif, contrasenya, admin, direccion, telefono, email) values (174, 'Tadio', 'Cocklie', '75643513W', 'jl6s4vbG', true, '81408 Bluejay Hill', '918719008', 'tcocklie4t@xinhuanet.com');
insert into profesor (id, nombre, apellidos, nif, contrasenya, admin, direccion, telefono, email) values (175, 'King', 'Lissimore', '01698827G', 'GE05D5fQ', false, '55 Dakota Street', '137664573', 'klissimore4u@seesaa.net');
insert into profesor (id, nombre, apellidos, nif, contrasenya, admin, direccion, telefono, email) values (176, 'Stu', 'Sparkwell', '15721559T', 'VtqtvVZ4', true, '5078 Amoth Drive', '591006810', 'ssparkwell4v@uol.com.br');
insert into profesor (id, nombre, apellidos, nif, contrasenya, admin, direccion, telefono, email) values (177, 'Winne', 'Pimme', '61923032N', 'DqvvReXZ', true, '31179 Kensington Way', '115881912', 'wpimme4w@webmd.com');
insert into profesor (id, nombre, apellidos, nif, contrasenya, admin, direccion, telefono, email) values (178, 'Weylin', 'Muzzollo', '48086423V', '4xiTaUoU', false, '56 Fieldstone Drive', '232978645', 'wmuzzollo4x@yolasite.com');
insert into profesor (id, nombre, apellidos, nif, contrasenya, admin, direccion, telefono, email) values (179, 'Giulia', 'Harold', '29143987P', 'IsJ34I0I', true, '023 Tennessee Park', '081895442', 'gharold4y@domainmarket.com');
insert into profesor (id, nombre, apellidos, nif, contrasenya, admin, direccion, telefono, email) values (180, 'Cami', 'Filipychev', '09294724V', 'VFfs7aDo', false, '22168 Knutson Crossing', '072728607', 'cfilipychev4z@vimeo.com');
insert into profesor (id, nombre, apellidos, nif, contrasenya, admin, direccion, telefono, email) values (181, 'Tiff', 'MacDermot', '01923562I', 'EB8Lp3Jm', true, '3148 Monument Alley', '550606108', 'tmacdermot50@bigcartel.com');
insert into profesor (id, nombre, apellidos, nif, contrasenya, admin, direccion, telefono, email) values (182, 'Bunny', 'Hukins', '68489914Z', 'roVWBmN4', false, '4 Upham Point', '799473356', 'bhukins51@friendfeed.com');
insert into profesor (id, nombre, apellidos, nif, contrasenya, admin, direccion, telefono, email) values (183, 'Keeley', 'Doog', '49997539C', 'DKIvNpI0', true, '119 Bluestem Street', '205494076', 'kdoog52@usa.gov');
insert into profesor (id, nombre, apellidos, nif, contrasenya, admin, direccion, telefono, email) values (184, 'Kylen', 'Sarjent', '37008845K', 'bwSnf8Hv', true, '9 Hollow Ridge Junction', '821012970', 'ksarjent53@de.vu');
insert into profesor (id, nombre, apellidos, nif, contrasenya, admin, direccion, telefono, email) values (185, 'Dell', 'Ferrarini', '47766142Z', 'oVvlbMwA', false, '07 Eliot Center', '957103304', 'dferrarini54@bloglovin.com');
insert into profesor (id, nombre, apellidos, nif, contrasenya, admin, direccion, telefono, email) values (186, 'Abdul', 'Crayden', '64633294X', 'LpSDWPtH', false, '7443 Glendale Crossing', '862985006', 'acrayden55@feedburner.com');
insert into profesor (id, nombre, apellidos, nif, contrasenya, admin, direccion, telefono, email) values (187, 'Con', 'Baff', '09351784P', '6C8diI8A', false, '8588 Vera Street', '444746771', 'cbaff56@purevolume.com');
insert into profesor (id, nombre, apellidos, nif, contrasenya, admin, direccion, telefono, email) values (188, 'Hamilton', 'McNair', '26754000B', 'bc46HZ7U', true, '41825 Moose Road', '885321042', 'hmcnair57@desdev.cn');
insert into profesor (id, nombre, apellidos, nif, contrasenya, admin, direccion, telefono, email) values (189, 'Raddie', 'Latimer', '83231641K', 'CT9GbIUA', false, '29064 Dovetail Lane', '122270569', 'rlatimer58@sfgate.com');
insert into profesor (id, nombre, apellidos, nif, contrasenya, admin, direccion, telefono, email) values (190, 'Adel', 'Bysh', '53057461M', 'XJYqCSJI', true, '2 Forest Circle', '500672057', 'abysh59@ox.ac.uk');
insert into profesor (id, nombre, apellidos, nif, contrasenya, admin, direccion, telefono, email) values (191, 'Giffie', 'Foan', '86430132Y', '98t4T6uI', true, '928 Loftsgordon Crossing', '932344105', 'gfoan5a@indiatimes.com');
insert into profesor (id, nombre, apellidos, nif, contrasenya, admin, direccion, telefono, email) values (192, 'Yolande', 'Farrah', '21714765Z', 'PEBzAxOm', false, '6 Express Street', '564076923', 'yfarrah5b@psu.edu');
insert into profesor (id, nombre, apellidos, nif, contrasenya, admin, direccion, telefono, email) values (193, 'Lorenza', 'Comberbach', '42331367Z', 'RreYybZq', true, '0 Dawn Circle', '468214928', 'lcomberbach5c@npr.org');
insert into profesor (id, nombre, apellidos, nif, contrasenya, admin, direccion, telefono, email) values (194, 'Stacy', 'Lemary', '50737783B', 'T1sWf3AE', true, '28575 Bunting Parkway', '115113439', 'slemary5d@sina.com.cn');
insert into profesor (id, nombre, apellidos, nif, contrasenya, admin, direccion, telefono, email) values (195, 'Amery', 'Worlidge', '05622049M', 'guoM2z8x', false, '98 Hooker Park', '305954414', 'aworlidge5e@chron.com');
insert into profesor (id, nombre, apellidos, nif, contrasenya, admin, direccion, telefono, email) values (196, 'Mitchell', 'Ballantyne', '96295147G', '1iDKC4vr', true, '98 Dawn Road', '252516221', 'mballantyne5f@rakuten.co.jp');
insert into profesor (id, nombre, apellidos, nif, contrasenya, admin, direccion, telefono, email) values (197, 'Inesita', 'Bengtsson', '17474972J', 'msemIgBz', false, '89876 8th Place', '289556097', 'ibengtsson5g@foxnews.com');
insert into profesor (id, nombre, apellidos, nif, contrasenya, admin, direccion, telefono, email) values (198, 'Dionysus', 'Flewitt', '73857761Z', '2LyZDzeF', true, '29138 Eagle Crest Parkway', '593054057', 'dflewitt5h@opera.com');
insert into profesor (id, nombre, apellidos, nif, contrasenya, admin, direccion, telefono, email) values (199, 'Lexy', 'Hayworth', '12737734Y', 'AAq4X4AM', false, '11 Heffernan Court', '835485645', 'lhayworth5i@prnewswire.com');
insert into profesor (id, nombre, apellidos, nif, contrasenya, admin, direccion, telefono, email) values (200, 'Ashlen', 'Cleary', '37072148S', '8w80mKKE', false, '28797 Carioca Drive', '065663466', 'acleary5j@cam.ac.uk');
insert into profesor (id, nombre, apellidos, nif, contrasenya, admin, direccion, telefono, email) values (201, 'Lucina', 'Tinklin', '66818917F', '65NpsIgt', true, '0 Dunning Center', '458732007', 'ltinklin5k@omniture.com');
insert into profesor (id, nombre, apellidos, nif, contrasenya, admin, direccion, telefono, email) values (202, 'Almeria', 'MacCrosson', '23398147Z', 'PkB36J0O', true, '8 Westerfield Point', '208418093', 'amaccrosson5l@goo.gl');
insert into profesor (id, nombre, apellidos, nif, contrasenya, admin, direccion, telefono, email) values (203, 'Chadd', 'Brennenstuhl', '72544130I', 'bCHhdmvc', true, '76579 Autumn Leaf Circle', '264324354', 'cbrennenstuhl5m@usgs.gov');
insert into profesor (id, nombre, apellidos, nif, contrasenya, admin, direccion, telefono, email) values (204, 'Sigrid', 'Zum Felde', '82585411Q', 'ON9ZdYZP', false, '662 Sunbrook Center', '193082946', 'szumfelde5n@ihg.com');
insert into profesor (id, nombre, apellidos, nif, contrasenya, admin, direccion, telefono, email) values (205, 'Pierre', 'Skerme', '47507797C', 'uyNIMDFt', true, '22 Susan Street', '926629844', 'pskerme5o@taobao.com');
insert into profesor (id, nombre, apellidos, nif, contrasenya, admin, direccion, telefono, email) values (206, 'Lyman', 'Slinger', '72394223F', 'lkuuDrGD', true, '4 Pine View Center', '636570216', 'lslinger5p@nifty.com');
insert into profesor (id, nombre, apellidos, nif, contrasenya, admin, direccion, telefono, email) values (207, 'Uri', 'Lansley', '64995848Z', 'rtJNoFib', true, '87 Talmadge Junction', '503309759', 'ulansley5q@ca.gov');
insert into profesor (id, nombre, apellidos, nif, contrasenya, admin, direccion, telefono, email) values (208, 'Isobel', 'Crayk', '91507353J', 'KUBLK0Kn', true, '51 Browning Pass', '941970662', 'icrayk5r@bravesites.com');
insert into profesor (id, nombre, apellidos, nif, contrasenya, admin, direccion, telefono, email) values (209, 'Archibald', 'Livingston', '99016320Y', '4ntKZ9tN', false, '238 Hallows Hill', '224952765', 'alivingston5s@cargocollective.com');
insert into profesor (id, nombre, apellidos, nif, contrasenya, admin, direccion, telefono, email) values (210, 'Brion', 'Fullick', '13760105O', 'wXcAtBY7', true, '83151 Park Meadow Drive', '896058502', 'bfullick5t@bloglines.com');
insert into profesor (id, nombre, apellidos, nif, contrasenya, admin, direccion, telefono, email) values (211, 'Lanny', 'Loynes', '67162878U', 'VW4JA4DH', true, '09 Stephen Pass', '424051822', 'lloynes5u@gov.uk');
insert into profesor (id, nombre, apellidos, nif, contrasenya, admin, direccion, telefono, email) values (212, 'Garik', 'Secombe', '87317210S', 'prSRZNGt', false, '86374 Chinook Junction', '732688652', 'gsecombe5v@un.org');
insert into profesor (id, nombre, apellidos, nif, contrasenya, admin, direccion, telefono, email) values (213, 'Cindi', 'Ewence', '71069545V', 'cDlg7TsY', true, '762 Thompson Plaza', '971160095', 'cewence5w@zdnet.com');
insert into profesor (id, nombre, apellidos, nif, contrasenya, admin, direccion, telefono, email) values (214, 'Quincy', 'Pettigrew', '01563714B', 'a9WOTwMT', false, '28147 Canary Pass', '871657468', 'qpettigrew5x@archive.org');
insert into profesor (id, nombre, apellidos, nif, contrasenya, admin, direccion, telefono, email) values (215, 'Bambi', 'Berthod', '30504759A', 'i92NwbKB', false, '212 Garrison Road', '591398662', 'bberthod5y@tiny.cc');
insert into profesor (id, nombre, apellidos, nif, contrasenya, admin, direccion, telefono, email) values (216, 'Yancy', 'Bendix', '29933998N', 'A2iD00mJ', true, '36 Elmside Drive', '647280677', 'ybendix5z@mlb.com');
insert into profesor (id, nombre, apellidos, nif, contrasenya, admin, direccion, telefono, email) values (217, 'Nola', 'Frane', '45190166K', 'anS5mzj2', false, '89780 Merchant Pass', '812492437', 'nfrane60@time.com');
insert into profesor (id, nombre, apellidos, nif, contrasenya, admin, direccion, telefono, email) values (218, 'Queenie', 'Yashaev', '60156091J', 'Z9CqGeQQ', true, '9770 Schiller Way', '967018902', 'qyashaev61@mlb.com');
insert into profesor (id, nombre, apellidos, nif, contrasenya, admin, direccion, telefono, email) values (219, 'Leland', 'Chipchase', '18707153Z', 'e1pfxxki', true, '541 Schurz Lane', '129584354', 'lchipchase62@bing.com');
insert into profesor (id, nombre, apellidos, nif, contrasenya, admin, direccion, telefono, email) values (220, 'Lorilyn', 'Spensley', '47882352G', 'LA7M0jj2', false, '16 Cardinal Road', '284024096', 'lspensley63@nationalgeographic.com');
insert into profesor (id, nombre, apellidos, nif, contrasenya, admin, direccion, telefono, email) values (221, 'Gladys', 'Darragon', '79274912L', 'rcyFhg4j', true, '8177 Crest Line Court', '449079622', 'gdarragon64@walmart.com');
insert into profesor (id, nombre, apellidos, nif, contrasenya, admin, direccion, telefono, email) values (222, 'Gerri', 'Midson', '79432146S', 'du79ViCb', false, '71183 Katie Place', '494728779', 'gmidson65@timesonline.co.uk');
insert into profesor (id, nombre, apellidos, nif, contrasenya, admin, direccion, telefono, email) values (223, 'Jaynell', 'McNaughton', '04299264I', '0sS4Jw91', false, '5284 Jana Alley', '253811848', 'jmcnaughton66@yahoo.com');
insert into profesor (id, nombre, apellidos, nif, contrasenya, admin, direccion, telefono, email) values (224, 'Lusa', 'Pyett', '57416677D', 'slzYr8lw', true, '09842 Orin Place', '091964790', 'lpyett67@accuweather.com');
insert into profesor (id, nombre, apellidos, nif, contrasenya, admin, direccion, telefono, email) values (225, 'Lucio', 'Brand', '85868029F', '2CYW3IDy', false, '20 Riverside Street', '162253555', 'lbrand68@usgs.gov');
insert into profesor (id, nombre, apellidos, nif, contrasenya, admin, direccion, telefono, email) values (226, 'Vilhelmina', 'Sale', '74674489M', 'KxLy7Rfy', false, '6788 Alpine Plaza', '287138470', 'vsale69@webmd.com');
insert into profesor (id, nombre, apellidos, nif, contrasenya, admin, direccion, telefono, email) values (227, 'Bobine', 'Scard', '19595904Y', 'wMhzea6A', true, '59473 Golf Circle', '865612910', 'bscard6a@odnoklassniki.ru');
insert into profesor (id, nombre, apellidos, nif, contrasenya, admin, direccion, telefono, email) values (228, 'Ofella', 'Berg', '04177328E', 'oVdjGsPU', true, '84997 Swallow Street', '822252583', 'oberg6b@fc2.com');
insert into profesor (id, nombre, apellidos, nif, contrasenya, admin, direccion, telefono, email) values (229, 'Claudette', 'Edgerley', '11148626V', 'Zym4QlGH', false, '246 Loomis Court', '163156435', 'cedgerley6c@umn.edu');
insert into profesor (id, nombre, apellidos, nif, contrasenya, admin, direccion, telefono, email) values (230, 'Grata', 'Weekland', '49528732J', 'tnOWKAnj', true, '55069 Granby Alley', '877402739', 'gweekland6d@dailymail.co.uk');
insert into profesor (id, nombre, apellidos, nif, contrasenya, admin, direccion, telefono, email) values (231, 'Emanuel', 'Drable', '95209293L', 'fLn3f5xg', false, '935 Autumn Leaf Plaza', '203112658', 'edrable6e@meetup.com');
insert into profesor (id, nombre, apellidos, nif, contrasenya, admin, direccion, telefono, email) values (232, 'Carmon', 'Corradino', '44921813M', 'Y1k8HP7Y', false, '6 Service Circle', '362720084', 'ccorradino6f@163.com');
insert into profesor (id, nombre, apellidos, nif, contrasenya, admin, direccion, telefono, email) values (233, 'Valentina', 'Piletic', '36913341P', 'rKyrOw2G', true, '18 Kenwood Alley', '535877594', 'vpiletic6g@smugmug.com');
insert into profesor (id, nombre, apellidos, nif, contrasenya, admin, direccion, telefono, email) values (234, 'Clerissa', 'Azam', '19635831T', '6LbE2mjn', false, '39966 Fieldstone Plaza', '380023798', 'cazam6h@shop-pro.jp');
insert into profesor (id, nombre, apellidos, nif, contrasenya, admin, direccion, telefono, email) values (235, 'Charmane', 'Beckitt', '13262538L', 'SjJaL3rM', false, '82 Declaration Terrace', '436020010', 'cbeckitt6i@wix.com');
insert into profesor (id, nombre, apellidos, nif, contrasenya, admin, direccion, telefono, email) values (236, 'Gavra', 'Nethercott', '71651094Z', 'qrHtHXua', false, '152 Russell Street', '053042072', 'gnethercott6j@netvibes.com');
insert into profesor (id, nombre, apellidos, nif, contrasenya, admin, direccion, telefono, email) values (237, 'Modesta', 'Holtom', '72092725U', 'zcZUoG6w', true, '927 Petterle Terrace', '807376093', 'mholtom6k@oracle.com');
insert into profesor (id, nombre, apellidos, nif, contrasenya, admin, direccion, telefono, email) values (238, 'Robinson', 'Tolworthie', '75406189S', 'QUNLP6j5', false, '31874 Pearson Park', '654351664', 'rtolworthie6l@blogs.com');
insert into profesor (id, nombre, apellidos, nif, contrasenya, admin, direccion, telefono, email) values (239, 'Mirelle', 'Imos', '07654345I', '0HyDtXSE', false, '59547 Vera Junction', '526933196', 'mimos6m@uiuc.edu');
insert into profesor (id, nombre, apellidos, nif, contrasenya, admin, direccion, telefono, email) values (240, 'Townsend', 'Birdfield', '05562506Z', 'SSzDkO2O', true, '912 Hollow Ridge Parkway', '135737125', 'tbirdfield6n@wordpress.com');
insert into profesor (id, nombre, apellidos, nif, contrasenya, admin, direccion, telefono, email) values (241, 'Kaylil', 'Speechley', '75687577M', '1rainCW5', true, '7 Farragut Pass', '391413278', 'kspeechley6o@telegraph.co.uk');
insert into profesor (id, nombre, apellidos, nif, contrasenya, admin, direccion, telefono, email) values (242, 'Babita', 'Humphrey', '90760991H', 'b8XVV4Ds', true, '57512 Spohn Avenue', '035475267', 'bhumphrey6p@phpbb.com');
insert into profesor (id, nombre, apellidos, nif, contrasenya, admin, direccion, telefono, email) values (243, 'Marcile', 'Brasier', '40504281R', 'mmEHsquN', false, '89 Menomonie Court', '960495803', 'mbrasier6q@yellowpages.com');
insert into profesor (id, nombre, apellidos, nif, contrasenya, admin, direccion, telefono, email) values (244, 'Amanda', 'McGlone', '11862708Q', 'jsVPaz7C', true, '1582 Linden Place', '362497605', 'amcglone6r@ca.gov');
insert into profesor (id, nombre, apellidos, nif, contrasenya, admin, direccion, telefono, email) values (245, 'Lucio', 'Anfrey', '24220458L', 'tGQOWGQh', true, '59 Corry Park', '911127087', 'lanfrey6s@google.com.br');
insert into profesor (id, nombre, apellidos, nif, contrasenya, admin, direccion, telefono, email) values (246, 'Leeland', 'Breckell', '56759000I', 'O0ptiON7', true, '08 Pankratz Drive', '231232326', 'lbreckell6t@ted.com');
insert into profesor (id, nombre, apellidos, nif, contrasenya, admin, direccion, telefono, email) values (247, 'Lonny', 'Parradine', '92767237U', 'mNKYSVwo', false, '01 Lawn Plaza', '108484720', 'lparradine6u@multiply.com');
insert into profesor (id, nombre, apellidos, nif, contrasenya, admin, direccion, telefono, email) values (248, 'Dare', 'Timmons', '94610274Y', 'o7jyE8yC', false, '802 Leroy Hill', '462347615', 'dtimmons6v@msu.edu');
insert into profesor (id, nombre, apellidos, nif, contrasenya, admin, direccion, telefono, email) values (249, 'Shaina', 'Maystone', '20263243W', '3vPTenwX', true, '2258 Reindahl Center', '934109582', 'smaystone6w@edublogs.org');
insert into profesor (id, nombre, apellidos, nif, contrasenya, admin, direccion, telefono, email) values (250, 'Isa', 'Petric', '03706136G', 'hW9W50e5', false, '1 Bonner Parkway', '331980488', 'ipetric6x@nhs.uk');
insert into profesor (id, nombre, apellidos, nif, contrasenya, admin, direccion, telefono, email) values (251, 'Lilah', 'Kellitt', '15726786T', 'n97lnk1g', false, '6638 Quincy Street', '232668088', 'lkellitt6y@wikipedia.org');
insert into profesor (id, nombre, apellidos, nif, contrasenya, admin, direccion, telefono, email) values (252, 'Oralie', 'Sieghart', '22654967B', 'tK6Cu7zB', false, '6 Straubel Center', '723105890', 'osieghart6z@tmall.com');
insert into profesor (id, nombre, apellidos, nif, contrasenya, admin, direccion, telefono, email) values (253, 'Martainn', 'Stroband', '20600811R', 'MaAwlBkV', false, '67 Jenna Point', '523263886', 'mstroband70@fda.gov');
insert into profesor (id, nombre, apellidos, nif, contrasenya, admin, direccion, telefono, email) values (254, 'Bess', 'Piddletown', '98502084G', 'qBqMMP2A', true, '85 Schlimgen Point', '462752003', 'bpiddletown71@marriott.com');
insert into profesor (id, nombre, apellidos, nif, contrasenya, admin, direccion, telefono, email) values (255, 'Lefty', 'Sullens', '22828017X', 'q4IMI9CM', false, '3511 Canary Point', '996922018', 'lsullens72@booking.com');
insert into profesor (id, nombre, apellidos, nif, contrasenya, admin, direccion, telefono, email) values (256, 'Martelle', 'Plaschke', '05371048B', 'oJnwFoFM', true, '1 Blue Bill Park Court', '613067319', 'mplaschke73@edublogs.org');
insert into profesor (id, nombre, apellidos, nif, contrasenya, admin, direccion, telefono, email) values (257, 'Clare', 'Marr', '94869388B', 'iEutIjKh', true, '08 Columbus Avenue', '832483354', 'cmarr74@sphinn.com');
insert into profesor (id, nombre, apellidos, nif, contrasenya, admin, direccion, telefono, email) values (258, 'Corbin', 'Andriolli', '62329754F', 'sSY6AFva', false, '37402 Pepper Wood Drive', '484428456', 'candriolli75@nationalgeographic.com');
insert into profesor (id, nombre, apellidos, nif, contrasenya, admin, direccion, telefono, email) values (259, 'Hanson', 'Lamplugh', '36181082R', 'Rnv4b6FK', false, '9 Maple Wood Hill', '766982680', 'hlamplugh76@biblegateway.com');
insert into profesor (id, nombre, apellidos, nif, contrasenya, admin, direccion, telefono, email) values (260, 'Hartley', 'Spilisy', '13872720Q', 'vrHRI69s', false, '9125 Melby Plaza', '582312387', 'hspilisy77@dailymail.co.uk');
insert into profesor (id, nombre, apellidos, nif, contrasenya, admin, direccion, telefono, email) values (261, 'Redd', 'Synder', '61738994I', 'LDP3ZuLF', false, '4 Glendale Street', '130349991', 'rsynder78@ocn.ne.jp');
insert into profesor (id, nombre, apellidos, nif, contrasenya, admin, direccion, telefono, email) values (262, 'Massimo', 'Grosvener', '60974428L', 'B1y5unfe', false, '57271 Forest Dale Point', '095150558', 'mgrosvener79@wikimedia.org');
insert into profesor (id, nombre, apellidos, nif, contrasenya, admin, direccion, telefono, email) values (263, 'Mose', 'Markie', '51824015A', 'KoHsrwkQ', false, '97871 Emmet Place', '877880877', 'mmarkie7a@360.cn');
insert into profesor (id, nombre, apellidos, nif, contrasenya, admin, direccion, telefono, email) values (264, 'Ilyssa', 'Batt', '01808674J', '4n3IfrDb', true, '56 Arkansas Way', '370144304', 'ibatt7b@bluehost.com');
insert into profesor (id, nombre, apellidos, nif, contrasenya, admin, direccion, telefono, email) values (265, 'Emlyn', 'Adamovitch', '82986021F', 'fchg3loa', false, '54 Declaration Point', '184883874', 'eadamovitch7c@wiley.com');
insert into profesor (id, nombre, apellidos, nif, contrasenya, admin, direccion, telefono, email) values (266, 'Pattie', 'Ors', '60570745Z', 'Bxqzlezk', true, '8427 Kennedy Crossing', '621270522', 'pors7d@senate.gov');
insert into profesor (id, nombre, apellidos, nif, contrasenya, admin, direccion, telefono, email) values (267, 'Fee', 'Pinnijar', '48941316T', 'FAXpRo53', true, '8012 Scott Center', '438884327', 'fpinnijar7e@issuu.com');
insert into profesor (id, nombre, apellidos, nif, contrasenya, admin, direccion, telefono, email) values (268, 'Bernie', 'Buten', '73638709C', 'giuDgnmO', false, '5360 Arrowood Avenue', '058500392', 'bbuten7f@who.int');
insert into profesor (id, nombre, apellidos, nif, contrasenya, admin, direccion, telefono, email) values (269, 'Dode', 'MacAree', '58787452S', 'wG5TVGie', true, '060 Vera Pass', '367116569', 'dmacaree7g@narod.ru');
insert into profesor (id, nombre, apellidos, nif, contrasenya, admin, direccion, telefono, email) values (270, 'Saw', 'Crudgington', '20764044F', 'bVbJE5q8', false, '93471 Londonderry Park', '360096013', 'scrudgington7h@economist.com');
insert into profesor (id, nombre, apellidos, nif, contrasenya, admin, direccion, telefono, email) values (271, 'Zach', 'Trevear', '34316940V', 'pvErzZ7t', false, '24 Loftsgordon Avenue', '139744133', 'ztrevear7i@yelp.com');
insert into profesor (id, nombre, apellidos, nif, contrasenya, admin, direccion, telefono, email) values (272, 'Liane', 'Matei', '53345979Q', 'i16C0zdr', true, '9 Nobel Way', '395892413', 'lmatei7j@paypal.com');
insert into profesor (id, nombre, apellidos, nif, contrasenya, admin, direccion, telefono, email) values (273, 'Bettina', 'Bartoszinski', '54981964E', 'KekIt8tP', false, '181 Judy Junction', '963329065', 'bbartoszinski7k@51.la');
insert into profesor (id, nombre, apellidos, nif, contrasenya, admin, direccion, telefono, email) values (274, 'Maximilianus', 'Killich', '08999927B', 'YTWIFD9k', true, '5916 Raven Plaza', '594609789', 'mkillich7l@java.com');
insert into profesor (id, nombre, apellidos, nif, contrasenya, admin, direccion, telefono, email) values (275, 'Evelin', 'Stanlack', '22804880R', '9PdGoowp', true, '844 Dapin Avenue', '339672436', 'estanlack7m@tinypic.com');
insert into profesor (id, nombre, apellidos, nif, contrasenya, admin, direccion, telefono, email) values (276, 'Marty', 'Gaber', '01242264O', 'zBAhzyde', true, '65000 Huxley Center', '311004500', 'mgaber7n@wikispaces.com');
insert into profesor (id, nombre, apellidos, nif, contrasenya, admin, direccion, telefono, email) values (277, 'Brena', 'Woolf', '63989165T', 'h0PnksJ8', false, '3 Coleman Junction', '322191874', 'bwoolf7o@weather.com');
insert into profesor (id, nombre, apellidos, nif, contrasenya, admin, direccion, telefono, email) values (278, 'Charmion', 'Proschek', '28079605B', 'PDVBlNmC', false, '5315 Ohio Court', '077837868', 'cproschek7p@indiatimes.com');
insert into profesor (id, nombre, apellidos, nif, contrasenya, admin, direccion, telefono, email) values (279, 'Ramsey', 'Dominique', '65533336K', 'XtUVEQ5F', true, '16 Moland Plaza', '861635402', 'rdominique7q@businesswire.com');
insert into profesor (id, nombre, apellidos, nif, contrasenya, admin, direccion, telefono, email) values (280, 'Harley', 'Klimes', '90372063G', 'NAtWXQRq', false, '8 Colorado Avenue', '730579139', 'hklimes7r@shareasale.com');
insert into profesor (id, nombre, apellidos, nif, contrasenya, admin, direccion, telefono, email) values (281, 'Cristin', 'Pine', '46270183I', 'UOIqvMdx', false, '48996 Corben Trail', '806961410', 'cpine7s@ox.ac.uk');
insert into profesor (id, nombre, apellidos, nif, contrasenya, admin, direccion, telefono, email) values (282, 'Sukey', 'Fairebrother', '29556113P', '3VuLZwps', false, '2398 Carberry Lane', '989588260', 'sfairebrother7t@woothemes.com');
insert into profesor (id, nombre, apellidos, nif, contrasenya, admin, direccion, telefono, email) values (283, 'Cyrus', 'Colquitt', '11409789V', 'vPN2ya8L', true, '92 Swallow Hill', '027953073', 'ccolquitt7u@mozilla.org');
insert into profesor (id, nombre, apellidos, nif, contrasenya, admin, direccion, telefono, email) values (284, 'Vikky', 'Tassel', '75750918B', 'YYBYhFay', false, '512 Buena Vista Terrace', '111022525', 'vtassel7v@nih.gov');
insert into profesor (id, nombre, apellidos, nif, contrasenya, admin, direccion, telefono, email) values (285, 'Marci', 'Gagg', '76488711P', 'eFxKdsyX', false, '478 Sunnyside Drive', '528918934', 'mgagg7w@elegantthemes.com');
insert into profesor (id, nombre, apellidos, nif, contrasenya, admin, direccion, telefono, email) values (286, 'Brynne', 'Husthwaite', '05904667V', '6ksMfC1Y', false, '2748 Garrison Hill', '530814850', 'bhusthwaite7x@ebay.co.uk');
insert into profesor (id, nombre, apellidos, nif, contrasenya, admin, direccion, telefono, email) values (287, 'Idelle', 'Dalglish', '82841459Y', 'ZisY6iuZ', false, '3968 Anzinger Circle', '682910905', 'idalglish7y@youku.com');
insert into profesor (id, nombre, apellidos, nif, contrasenya, admin, direccion, telefono, email) values (288, 'Jedidiah', 'Lorek', '82811437X', 'Rxu6SElK', true, '703 Grover Park', '125695995', 'jlorek7z@hubpages.com');
insert into profesor (id, nombre, apellidos, nif, contrasenya, admin, direccion, telefono, email) values (289, 'Sibeal', 'Kilalea', '28190156Y', 'USQPoBnq', true, '29027 Parkside Lane', '596053977', 'skilalea80@house.gov');
insert into profesor (id, nombre, apellidos, nif, contrasenya, admin, direccion, telefono, email) values (290, 'Michelle', 'O''Carrol', '10201100O', 'gIUnSgA6', false, '73 Quincy Pass', '134538989', 'mocarrol81@cdbaby.com');
insert into profesor (id, nombre, apellidos, nif, contrasenya, admin, direccion, telefono, email) values (291, 'Haleigh', 'Tewkesbury', '96393809N', 'HtwC3EhT', true, '3 Gerald Lane', '606313434', 'htewkesbury82@storify.com');
insert into profesor (id, nombre, apellidos, nif, contrasenya, admin, direccion, telefono, email) values (292, 'Major', 'Langland', '27587970L', 'RJONPgfo', true, '24273 Michigan Way', '528577095', 'mlangland83@illinois.edu');
insert into profesor (id, nombre, apellidos, nif, contrasenya, admin, direccion, telefono, email) values (293, 'Fanchette', 'Paxeford', '69999274U', 'rWtbvMfF', true, '54025 Superior Pass', '839095715', 'fpaxeford84@virginia.edu');
insert into profesor (id, nombre, apellidos, nif, contrasenya, admin, direccion, telefono, email) values (294, 'Godwin', 'Arlow', '31867926W', 'ZQBnQYqT', true, '5181 Lotheville Drive', '272752911', 'garlow85@wix.com');
insert into profesor (id, nombre, apellidos, nif, contrasenya, admin, direccion, telefono, email) values (295, 'Evelin', 'Barme', '98495381E', 'bD4QWN37', true, '6 Toban Street', '966429463', 'ebarme86@nytimes.com');
insert into profesor (id, nombre, apellidos, nif, contrasenya, admin, direccion, telefono, email) values (296, 'Amalee', 'Callander', '57890858N', 'EItabFej', true, '02 Nancy Plaza', '560911241', 'acallander87@google.fr');
insert into profesor (id, nombre, apellidos, nif, contrasenya, admin, direccion, telefono, email) values (297, 'Benjie', 'Marconi', '09141736N', 'C4PO1XRT', false, '748 Comanche Pass', '079480172', 'bmarconi88@hhs.gov');
insert into profesor (id, nombre, apellidos, nif, contrasenya, admin, direccion, telefono, email) values (298, 'Immanuel', 'Sawforde', '95180658X', '2MdmcOG6', true, '968 Darwin Street', '148782539', 'isawforde89@shinystat.com');
insert into profesor (id, nombre, apellidos, nif, contrasenya, admin, direccion, telefono, email) values (299, 'Myranda', 'Cossar', '84583539T', 'lWQuKq1H', false, '1 Beilfuss Junction', '434014763', 'mcossar8a@bing.com');
insert into profesor (id, nombre, apellidos, nif, contrasenya, admin, direccion, telefono, email) values (300, 'Papageno', 'Masi', '18981605Z', 'wzRoM2HW', true, '8 Washington Way', '409021793', 'pmasi8b@php.net');

-- MATERIA
insert into materia (id, nombre) values (1, 'eget');
insert into materia (id, nombre) values (2, 'lectus');
insert into materia (id, nombre) values (3, 'id');
insert into materia (id, nombre) values (4, 'tempus');
insert into materia (id, nombre) values (5, 'orci');
insert into materia (id, nombre) values (6, 'nisl');
insert into materia (id, nombre) values (7, 'consectetuer');
insert into materia (id, nombre) values (8, 'erat');
insert into materia (id, nombre) values (9, 'convallis');
insert into materia (id, nombre) values (10, 'id');
insert into materia (id, nombre) values (11, 'sit');
insert into materia (id, nombre) values (12, 'pharetra');
insert into materia (id, nombre) values (13, 'felis');
insert into materia (id, nombre) values (14, 'praesent');
insert into materia (id, nombre) values (15, 'volutpat');
insert into materia (id, nombre) values (16, 'ac');
insert into materia (id, nombre) values (17, 'justo');
insert into materia (id, nombre) values (18, 'metus');
insert into materia (id, nombre) values (19, 'in');
insert into materia (id, nombre) values (20, 'sapien');
insert into materia (id, nombre) values (21, 'sapien');
insert into materia (id, nombre) values (22, 'non');
insert into materia (id, nombre) values (23, 'consequat');
insert into materia (id, nombre) values (24, 'phasellus');
insert into materia (id, nombre) values (25, 'est');

-- MATERIAS PROFESOR
insert into materiaprofesor (id, idmateria, idprofesor) values (1, 22, 53);
insert into materiaprofesor (id, idmateria, idprofesor) values (2, 4, 254);
insert into materiaprofesor (id, idmateria, idprofesor) values (3, 16, 49);
insert into materiaprofesor (id, idmateria, idprofesor) values (4, 10, 108);
insert into materiaprofesor (id, idmateria, idprofesor) values (5, 20, 267);
insert into materiaprofesor (id, idmateria, idprofesor) values (6, 14, 155);
insert into materiaprofesor (id, idmateria, idprofesor) values (7, 5, 287);
insert into materiaprofesor (id, idmateria, idprofesor) values (8, 19, 291);
insert into materiaprofesor (id, idmateria, idprofesor) values (9, 21, 114);
insert into materiaprofesor (id, idmateria, idprofesor) values (10, 21, 133);
insert into materiaprofesor (id, idmateria, idprofesor) values (11, 25, 295);
insert into materiaprofesor (id, idmateria, idprofesor) values (12, 10, 244);
insert into materiaprofesor (id, idmateria, idprofesor) values (13, 8, 201);
insert into materiaprofesor (id, idmateria, idprofesor) values (14, 25, 129);
insert into materiaprofesor (id, idmateria, idprofesor) values (15, 14, 131);
insert into materiaprofesor (id, idmateria, idprofesor) values (16, 2, 90);
insert into materiaprofesor (id, idmateria, idprofesor) values (17, 7, 78);
insert into materiaprofesor (id, idmateria, idprofesor) values (18, 6, 174);
insert into materiaprofesor (id, idmateria, idprofesor) values (19, 5, 172);
insert into materiaprofesor (id, idmateria, idprofesor) values (20, 3, 89);
insert into materiaprofesor (id, idmateria, idprofesor) values (21, 3, 120);
insert into materiaprofesor (id, idmateria, idprofesor) values (22, 11, 55);
insert into materiaprofesor (id, idmateria, idprofesor) values (23, 6, 48);
insert into materiaprofesor (id, idmateria, idprofesor) values (24, 15, 89);
insert into materiaprofesor (id, idmateria, idprofesor) values (25, 4, 48);
insert into materiaprofesor (id, idmateria, idprofesor) values (26, 5, 281);
insert into materiaprofesor (id, idmateria, idprofesor) values (27, 8, 154);
insert into materiaprofesor (id, idmateria, idprofesor) values (28, 15, 160);
insert into materiaprofesor (id, idmateria, idprofesor) values (29, 14, 28);
insert into materiaprofesor (id, idmateria, idprofesor) values (30, 20, 91);
insert into materiaprofesor (id, idmateria, idprofesor) values (31, 24, 234);
insert into materiaprofesor (id, idmateria, idprofesor) values (32, 10, 278);
insert into materiaprofesor (id, idmateria, idprofesor) values (33, 11, 61);
insert into materiaprofesor (id, idmateria, idprofesor) values (34, 11, 266);
insert into materiaprofesor (id, idmateria, idprofesor) values (35, 21, 32);
insert into materiaprofesor (id, idmateria, idprofesor) values (36, 8, 271);
insert into materiaprofesor (id, idmateria, idprofesor) values (37, 3, 268);
insert into materiaprofesor (id, idmateria, idprofesor) values (38, 9, 75);
insert into materiaprofesor (id, idmateria, idprofesor) values (39, 6, 103);
insert into materiaprofesor (id, idmateria, idprofesor) values (40, 4, 286);
insert into materiaprofesor (id, idmateria, idprofesor) values (41, 9, 116);
insert into materiaprofesor (id, idmateria, idprofesor) values (42, 14, 90);
insert into materiaprofesor (id, idmateria, idprofesor) values (43, 14, 9);
insert into materiaprofesor (id, idmateria, idprofesor) values (44, 11, 222);
insert into materiaprofesor (id, idmateria, idprofesor) values (45, 24, 38);
insert into materiaprofesor (id, idmateria, idprofesor) values (46, 24, 89);
insert into materiaprofesor (id, idmateria, idprofesor) values (47, 14, 145);
insert into materiaprofesor (id, idmateria, idprofesor) values (48, 24, 112);
insert into materiaprofesor (id, idmateria, idprofesor) values (49, 3, 196);
insert into materiaprofesor (id, idmateria, idprofesor) values (50, 7, 173);
insert into materiaprofesor (id, idmateria, idprofesor) values (51, 5, 18);
insert into materiaprofesor (id, idmateria, idprofesor) values (52, 4, 55);
insert into materiaprofesor (id, idmateria, idprofesor) values (53, 23, 135);
insert into materiaprofesor (id, idmateria, idprofesor) values (54, 1, 142);
insert into materiaprofesor (id, idmateria, idprofesor) values (55, 10, 260);
insert into materiaprofesor (id, idmateria, idprofesor) values (56, 8, 140);
insert into materiaprofesor (id, idmateria, idprofesor) values (57, 13, 14);
insert into materiaprofesor (id, idmateria, idprofesor) values (58, 17, 57);
insert into materiaprofesor (id, idmateria, idprofesor) values (59, 14, 232);
insert into materiaprofesor (id, idmateria, idprofesor) values (60, 21, 73);
insert into materiaprofesor (id, idmateria, idprofesor) values (61, 2, 10);
insert into materiaprofesor (id, idmateria, idprofesor) values (62, 12, 179);
insert into materiaprofesor (id, idmateria, idprofesor) values (63, 12, 273);
insert into materiaprofesor (id, idmateria, idprofesor) values (64, 5, 238);
insert into materiaprofesor (id, idmateria, idprofesor) values (65, 9, 275);
insert into materiaprofesor (id, idmateria, idprofesor) values (66, 10, 156);
insert into materiaprofesor (id, idmateria, idprofesor) values (67, 14, 20);
insert into materiaprofesor (id, idmateria, idprofesor) values (68, 6, 290);
insert into materiaprofesor (id, idmateria, idprofesor) values (69, 7, 199);
insert into materiaprofesor (id, idmateria, idprofesor) values (70, 18, 243);
insert into materiaprofesor (id, idmateria, idprofesor) values (71, 5, 150);
insert into materiaprofesor (id, idmateria, idprofesor) values (72, 17, 152);
insert into materiaprofesor (id, idmateria, idprofesor) values (73, 2, 23);
insert into materiaprofesor (id, idmateria, idprofesor) values (74, 10, 48);
insert into materiaprofesor (id, idmateria, idprofesor) values (75, 11, 111);
insert into materiaprofesor (id, idmateria, idprofesor) values (76, 6, 133);
insert into materiaprofesor (id, idmateria, idprofesor) values (77, 25, 41);
insert into materiaprofesor (id, idmateria, idprofesor) values (78, 4, 34);
insert into materiaprofesor (id, idmateria, idprofesor) values (79, 24, 173);
insert into materiaprofesor (id, idmateria, idprofesor) values (80, 6, 236);
insert into materiaprofesor (id, idmateria, idprofesor) values (81, 2, 41);
insert into materiaprofesor (id, idmateria, idprofesor) values (82, 8, 27);
insert into materiaprofesor (id, idmateria, idprofesor) values (83, 6, 5);
insert into materiaprofesor (id, idmateria, idprofesor) values (84, 13, 101);
insert into materiaprofesor (id, idmateria, idprofesor) values (85, 24, 43);
insert into materiaprofesor (id, idmateria, idprofesor) values (86, 13, 125);
insert into materiaprofesor (id, idmateria, idprofesor) values (87, 1, 226);
insert into materiaprofesor (id, idmateria, idprofesor) values (88, 10, 25);
insert into materiaprofesor (id, idmateria, idprofesor) values (89, 13, 194);
insert into materiaprofesor (id, idmateria, idprofesor) values (90, 1, 20);
insert into materiaprofesor (id, idmateria, idprofesor) values (91, 20, 100);
insert into materiaprofesor (id, idmateria, idprofesor) values (92, 4, 93);
insert into materiaprofesor (id, idmateria, idprofesor) values (93, 6, 66);
insert into materiaprofesor (id, idmateria, idprofesor) values (94, 14, 218);
insert into materiaprofesor (id, idmateria, idprofesor) values (95, 24, 192);
insert into materiaprofesor (id, idmateria, idprofesor) values (96, 16, 247);
insert into materiaprofesor (id, idmateria, idprofesor) values (97, 22, 18);
insert into materiaprofesor (id, idmateria, idprofesor) values (98, 24, 137);
insert into materiaprofesor (id, idmateria, idprofesor) values (99, 6, 204);
insert into materiaprofesor (id, idmateria, idprofesor) values (100, 22, 27);
insert into materiaprofesor (id, idmateria, idprofesor) values (101, 10, 223);
insert into materiaprofesor (id, idmateria, idprofesor) values (102, 8, 42);
insert into materiaprofesor (id, idmateria, idprofesor) values (103, 25, 215);
insert into materiaprofesor (id, idmateria, idprofesor) values (104, 9, 49);
insert into materiaprofesor (id, idmateria, idprofesor) values (105, 21, 211);
insert into materiaprofesor (id, idmateria, idprofesor) values (106, 6, 237);
insert into materiaprofesor (id, idmateria, idprofesor) values (107, 11, 35);
insert into materiaprofesor (id, idmateria, idprofesor) values (108, 3, 276);
insert into materiaprofesor (id, idmateria, idprofesor) values (109, 7, 284);
insert into materiaprofesor (id, idmateria, idprofesor) values (110, 20, 162);
insert into materiaprofesor (id, idmateria, idprofesor) values (111, 23, 130);
insert into materiaprofesor (id, idmateria, idprofesor) values (112, 11, 114);
insert into materiaprofesor (id, idmateria, idprofesor) values (113, 12, 208);
insert into materiaprofesor (id, idmateria, idprofesor) values (114, 21, 264);
insert into materiaprofesor (id, idmateria, idprofesor) values (115, 9, 155);
insert into materiaprofesor (id, idmateria, idprofesor) values (116, 11, 94);
insert into materiaprofesor (id, idmateria, idprofesor) values (117, 24, 112);
insert into materiaprofesor (id, idmateria, idprofesor) values (118, 4, 123);
insert into materiaprofesor (id, idmateria, idprofesor) values (119, 8, 115);
insert into materiaprofesor (id, idmateria, idprofesor) values (120, 22, 82);
insert into materiaprofesor (id, idmateria, idprofesor) values (121, 19, 147);
insert into materiaprofesor (id, idmateria, idprofesor) values (122, 21, 167);
insert into materiaprofesor (id, idmateria, idprofesor) values (123, 5, 112);
insert into materiaprofesor (id, idmateria, idprofesor) values (124, 16, 114);
insert into materiaprofesor (id, idmateria, idprofesor) values (125, 13, 43);
insert into materiaprofesor (id, idmateria, idprofesor) values (126, 6, 239);
insert into materiaprofesor (id, idmateria, idprofesor) values (127, 7, 137);
insert into materiaprofesor (id, idmateria, idprofesor) values (128, 2, 117);
insert into materiaprofesor (id, idmateria, idprofesor) values (129, 13, 64);
insert into materiaprofesor (id, idmateria, idprofesor) values (130, 6, 107);
insert into materiaprofesor (id, idmateria, idprofesor) values (131, 19, 213);
insert into materiaprofesor (id, idmateria, idprofesor) values (132, 24, 31);
insert into materiaprofesor (id, idmateria, idprofesor) values (133, 15, 116);
insert into materiaprofesor (id, idmateria, idprofesor) values (134, 6, 73);
insert into materiaprofesor (id, idmateria, idprofesor) values (135, 21, 3);
insert into materiaprofesor (id, idmateria, idprofesor) values (136, 2, 161);
insert into materiaprofesor (id, idmateria, idprofesor) values (137, 15, 180);
insert into materiaprofesor (id, idmateria, idprofesor) values (138, 14, 285);
insert into materiaprofesor (id, idmateria, idprofesor) values (139, 15, 288);
insert into materiaprofesor (id, idmateria, idprofesor) values (140, 14, 115);
insert into materiaprofesor (id, idmateria, idprofesor) values (141, 5, 102);
insert into materiaprofesor (id, idmateria, idprofesor) values (142, 17, 19);
insert into materiaprofesor (id, idmateria, idprofesor) values (143, 22, 280);
insert into materiaprofesor (id, idmateria, idprofesor) values (144, 25, 298);
insert into materiaprofesor (id, idmateria, idprofesor) values (145, 22, 180);
insert into materiaprofesor (id, idmateria, idprofesor) values (146, 21, 124);
insert into materiaprofesor (id, idmateria, idprofesor) values (147, 8, 12);
insert into materiaprofesor (id, idmateria, idprofesor) values (148, 15, 141);
insert into materiaprofesor (id, idmateria, idprofesor) values (149, 17, 279);
insert into materiaprofesor (id, idmateria, idprofesor) values (150, 6, 280);
insert into materiaprofesor (id, idmateria, idprofesor) values (151, 23, 186);
insert into materiaprofesor (id, idmateria, idprofesor) values (152, 2, 76);
insert into materiaprofesor (id, idmateria, idprofesor) values (153, 23, 122);
insert into materiaprofesor (id, idmateria, idprofesor) values (154, 2, 123);
insert into materiaprofesor (id, idmateria, idprofesor) values (155, 22, 281);
insert into materiaprofesor (id, idmateria, idprofesor) values (156, 18, 185);
insert into materiaprofesor (id, idmateria, idprofesor) values (157, 22, 62);
insert into materiaprofesor (id, idmateria, idprofesor) values (158, 23, 149);
insert into materiaprofesor (id, idmateria, idprofesor) values (159, 8, 252);
insert into materiaprofesor (id, idmateria, idprofesor) values (160, 18, 129);
insert into materiaprofesor (id, idmateria, idprofesor) values (161, 12, 173);
insert into materiaprofesor (id, idmateria, idprofesor) values (162, 9, 77);
insert into materiaprofesor (id, idmateria, idprofesor) values (163, 4, 28);
insert into materiaprofesor (id, idmateria, idprofesor) values (164, 3, 25);
insert into materiaprofesor (id, idmateria, idprofesor) values (165, 20, 169);
insert into materiaprofesor (id, idmateria, idprofesor) values (166, 5, 148);
insert into materiaprofesor (id, idmateria, idprofesor) values (167, 17, 214);
insert into materiaprofesor (id, idmateria, idprofesor) values (168, 22, 60);
insert into materiaprofesor (id, idmateria, idprofesor) values (169, 4, 50);
insert into materiaprofesor (id, idmateria, idprofesor) values (170, 22, 256);
insert into materiaprofesor (id, idmateria, idprofesor) values (171, 25, 296);
insert into materiaprofesor (id, idmateria, idprofesor) values (172, 5, 209);
insert into materiaprofesor (id, idmateria, idprofesor) values (173, 7, 102);
insert into materiaprofesor (id, idmateria, idprofesor) values (174, 3, 223);
insert into materiaprofesor (id, idmateria, idprofesor) values (175, 1, 112);
insert into materiaprofesor (id, idmateria, idprofesor) values (176, 24, 211);
insert into materiaprofesor (id, idmateria, idprofesor) values (177, 8, 27);
insert into materiaprofesor (id, idmateria, idprofesor) values (178, 10, 287);
insert into materiaprofesor (id, idmateria, idprofesor) values (179, 9, 109);
insert into materiaprofesor (id, idmateria, idprofesor) values (180, 2, 99);
insert into materiaprofesor (id, idmateria, idprofesor) values (181, 25, 25);
insert into materiaprofesor (id, idmateria, idprofesor) values (182, 10, 54);
insert into materiaprofesor (id, idmateria, idprofesor) values (183, 1, 34);
insert into materiaprofesor (id, idmateria, idprofesor) values (184, 11, 148);
insert into materiaprofesor (id, idmateria, idprofesor) values (185, 21, 108);
insert into materiaprofesor (id, idmateria, idprofesor) values (186, 5, 257);
insert into materiaprofesor (id, idmateria, idprofesor) values (187, 11, 159);
insert into materiaprofesor (id, idmateria, idprofesor) values (188, 5, 1);
insert into materiaprofesor (id, idmateria, idprofesor) values (189, 23, 97);
insert into materiaprofesor (id, idmateria, idprofesor) values (190, 5, 110);
insert into materiaprofesor (id, idmateria, idprofesor) values (191, 14, 196);
insert into materiaprofesor (id, idmateria, idprofesor) values (192, 4, 17);
insert into materiaprofesor (id, idmateria, idprofesor) values (193, 1, 199);
insert into materiaprofesor (id, idmateria, idprofesor) values (194, 7, 155);
insert into materiaprofesor (id, idmateria, idprofesor) values (195, 6, 103);
insert into materiaprofesor (id, idmateria, idprofesor) values (196, 6, 299);
insert into materiaprofesor (id, idmateria, idprofesor) values (197, 17, 12);
insert into materiaprofesor (id, idmateria, idprofesor) values (198, 1, 102);
insert into materiaprofesor (id, idmateria, idprofesor) values (199, 9, 177);
insert into materiaprofesor (id, idmateria, idprofesor) values (200, 7, 19);
insert into materiaprofesor (id, idmateria, idprofesor) values (201, 24, 98);
insert into materiaprofesor (id, idmateria, idprofesor) values (202, 8, 193);
insert into materiaprofesor (id, idmateria, idprofesor) values (203, 18, 157);
insert into materiaprofesor (id, idmateria, idprofesor) values (204, 13, 128);
insert into materiaprofesor (id, idmateria, idprofesor) values (205, 16, 84);
insert into materiaprofesor (id, idmateria, idprofesor) values (206, 7, 24);
insert into materiaprofesor (id, idmateria, idprofesor) values (207, 5, 59);
insert into materiaprofesor (id, idmateria, idprofesor) values (208, 3, 156);
insert into materiaprofesor (id, idmateria, idprofesor) values (209, 5, 141);
insert into materiaprofesor (id, idmateria, idprofesor) values (210, 7, 255);
insert into materiaprofesor (id, idmateria, idprofesor) values (211, 4, 164);
insert into materiaprofesor (id, idmateria, idprofesor) values (212, 14, 173);
insert into materiaprofesor (id, idmateria, idprofesor) values (213, 7, 226);
insert into materiaprofesor (id, idmateria, idprofesor) values (214, 15, 169);
insert into materiaprofesor (id, idmateria, idprofesor) values (215, 10, 63);
insert into materiaprofesor (id, idmateria, idprofesor) values (216, 9, 11);
insert into materiaprofesor (id, idmateria, idprofesor) values (217, 16, 182);
insert into materiaprofesor (id, idmateria, idprofesor) values (218, 24, 158);
insert into materiaprofesor (id, idmateria, idprofesor) values (219, 12, 183);
insert into materiaprofesor (id, idmateria, idprofesor) values (220, 16, 130);
insert into materiaprofesor (id, idmateria, idprofesor) values (221, 15, 32);
insert into materiaprofesor (id, idmateria, idprofesor) values (222, 9, 21);
insert into materiaprofesor (id, idmateria, idprofesor) values (223, 22, 75);
insert into materiaprofesor (id, idmateria, idprofesor) values (224, 2, 215);
insert into materiaprofesor (id, idmateria, idprofesor) values (225, 10, 131);
insert into materiaprofesor (id, idmateria, idprofesor) values (226, 18, 169);
insert into materiaprofesor (id, idmateria, idprofesor) values (227, 22, 269);
insert into materiaprofesor (id, idmateria, idprofesor) values (228, 22, 9);
insert into materiaprofesor (id, idmateria, idprofesor) values (229, 19, 242);
insert into materiaprofesor (id, idmateria, idprofesor) values (230, 15, 90);
insert into materiaprofesor (id, idmateria, idprofesor) values (231, 7, 183);
insert into materiaprofesor (id, idmateria, idprofesor) values (232, 22, 64);
insert into materiaprofesor (id, idmateria, idprofesor) values (233, 2, 245);
insert into materiaprofesor (id, idmateria, idprofesor) values (234, 25, 4);
insert into materiaprofesor (id, idmateria, idprofesor) values (235, 18, 171);
insert into materiaprofesor (id, idmateria, idprofesor) values (236, 15, 145);
insert into materiaprofesor (id, idmateria, idprofesor) values (237, 2, 241);
insert into materiaprofesor (id, idmateria, idprofesor) values (238, 4, 213);
insert into materiaprofesor (id, idmateria, idprofesor) values (239, 15, 183);
insert into materiaprofesor (id, idmateria, idprofesor) values (240, 13, 212);
insert into materiaprofesor (id, idmateria, idprofesor) values (241, 10, 57);
insert into materiaprofesor (id, idmateria, idprofesor) values (242, 12, 181);
insert into materiaprofesor (id, idmateria, idprofesor) values (243, 2, 181);
insert into materiaprofesor (id, idmateria, idprofesor) values (244, 3, 185);
insert into materiaprofesor (id, idmateria, idprofesor) values (245, 5, 93);
insert into materiaprofesor (id, idmateria, idprofesor) values (246, 17, 190);
insert into materiaprofesor (id, idmateria, idprofesor) values (247, 20, 214);
insert into materiaprofesor (id, idmateria, idprofesor) values (248, 19, 199);
insert into materiaprofesor (id, idmateria, idprofesor) values (249, 2, 140);
insert into materiaprofesor (id, idmateria, idprofesor) values (250, 4, 33);
insert into materiaprofesor (id, idmateria, idprofesor) values (251, 21, 57);
insert into materiaprofesor (id, idmateria, idprofesor) values (252, 4, 67);
insert into materiaprofesor (id, idmateria, idprofesor) values (253, 7, 195);
insert into materiaprofesor (id, idmateria, idprofesor) values (254, 18, 38);
insert into materiaprofesor (id, idmateria, idprofesor) values (255, 11, 159);
insert into materiaprofesor (id, idmateria, idprofesor) values (256, 12, 293);
insert into materiaprofesor (id, idmateria, idprofesor) values (257, 16, 273);
insert into materiaprofesor (id, idmateria, idprofesor) values (258, 24, 264);
insert into materiaprofesor (id, idmateria, idprofesor) values (259, 13, 153);
insert into materiaprofesor (id, idmateria, idprofesor) values (260, 7, 246);
insert into materiaprofesor (id, idmateria, idprofesor) values (261, 14, 261);
insert into materiaprofesor (id, idmateria, idprofesor) values (262, 11, 153);
insert into materiaprofesor (id, idmateria, idprofesor) values (263, 6, 165);
insert into materiaprofesor (id, idmateria, idprofesor) values (264, 17, 63);
insert into materiaprofesor (id, idmateria, idprofesor) values (265, 17, 298);
insert into materiaprofesor (id, idmateria, idprofesor) values (266, 15, 123);
insert into materiaprofesor (id, idmateria, idprofesor) values (267, 9, 121);
insert into materiaprofesor (id, idmateria, idprofesor) values (268, 24, 59);
insert into materiaprofesor (id, idmateria, idprofesor) values (269, 12, 189);
insert into materiaprofesor (id, idmateria, idprofesor) values (270, 21, 44);
insert into materiaprofesor (id, idmateria, idprofesor) values (271, 12, 100);
insert into materiaprofesor (id, idmateria, idprofesor) values (272, 4, 27);
insert into materiaprofesor (id, idmateria, idprofesor) values (273, 14, 83);
insert into materiaprofesor (id, idmateria, idprofesor) values (274, 9, 266);
insert into materiaprofesor (id, idmateria, idprofesor) values (275, 25, 215);
insert into materiaprofesor (id, idmateria, idprofesor) values (276, 6, 131);
insert into materiaprofesor (id, idmateria, idprofesor) values (277, 4, 89);
insert into materiaprofesor (id, idmateria, idprofesor) values (278, 8, 155);
insert into materiaprofesor (id, idmateria, idprofesor) values (279, 2, 283);
insert into materiaprofesor (id, idmateria, idprofesor) values (280, 21, 224);
insert into materiaprofesor (id, idmateria, idprofesor) values (281, 10, 217);
insert into materiaprofesor (id, idmateria, idprofesor) values (282, 15, 150);
insert into materiaprofesor (id, idmateria, idprofesor) values (283, 18, 114);
insert into materiaprofesor (id, idmateria, idprofesor) values (284, 11, 177);
insert into materiaprofesor (id, idmateria, idprofesor) values (285, 15, 238);
insert into materiaprofesor (id, idmateria, idprofesor) values (286, 22, 77);
insert into materiaprofesor (id, idmateria, idprofesor) values (287, 15, 150);
insert into materiaprofesor (id, idmateria, idprofesor) values (288, 25, 200);
insert into materiaprofesor (id, idmateria, idprofesor) values (289, 5, 5);
insert into materiaprofesor (id, idmateria, idprofesor) values (290, 19, 251);
insert into materiaprofesor (id, idmateria, idprofesor) values (291, 17, 246);
insert into materiaprofesor (id, idmateria, idprofesor) values (292, 24, 80);
insert into materiaprofesor (id, idmateria, idprofesor) values (293, 3, 127);
insert into materiaprofesor (id, idmateria, idprofesor) values (294, 15, 280);
insert into materiaprofesor (id, idmateria, idprofesor) values (295, 13, 248);
insert into materiaprofesor (id, idmateria, idprofesor) values (296, 23, 86);
insert into materiaprofesor (id, idmateria, idprofesor) values (297, 17, 179);
insert into materiaprofesor (id, idmateria, idprofesor) values (298, 22, 58);
insert into materiaprofesor (id, idmateria, idprofesor) values (299, 13, 201);
insert into materiaprofesor (id, idmateria, idprofesor) values (300, 19, 39);
insert into materiaprofesor (id, idmateria, idprofesor) values (301, 12, 111);
insert into materiaprofesor (id, idmateria, idprofesor) values (302, 2, 37);
insert into materiaprofesor (id, idmateria, idprofesor) values (303, 21, 107);
insert into materiaprofesor (id, idmateria, idprofesor) values (304, 9, 209);
insert into materiaprofesor (id, idmateria, idprofesor) values (305, 18, 23);
insert into materiaprofesor (id, idmateria, idprofesor) values (306, 23, 230);
insert into materiaprofesor (id, idmateria, idprofesor) values (307, 15, 139);
insert into materiaprofesor (id, idmateria, idprofesor) values (308, 17, 96);
insert into materiaprofesor (id, idmateria, idprofesor) values (309, 18, 216);
insert into materiaprofesor (id, idmateria, idprofesor) values (310, 21, 111);
insert into materiaprofesor (id, idmateria, idprofesor) values (311, 22, 253);
insert into materiaprofesor (id, idmateria, idprofesor) values (312, 3, 95);
insert into materiaprofesor (id, idmateria, idprofesor) values (313, 3, 1);
insert into materiaprofesor (id, idmateria, idprofesor) values (314, 15, 7);
insert into materiaprofesor (id, idmateria, idprofesor) values (315, 19, 103);
insert into materiaprofesor (id, idmateria, idprofesor) values (316, 18, 249);
insert into materiaprofesor (id, idmateria, idprofesor) values (317, 24, 146);
insert into materiaprofesor (id, idmateria, idprofesor) values (318, 13, 206);
insert into materiaprofesor (id, idmateria, idprofesor) values (319, 13, 5);
insert into materiaprofesor (id, idmateria, idprofesor) values (320, 23, 272);
insert into materiaprofesor (id, idmateria, idprofesor) values (321, 17, 95);
insert into materiaprofesor (id, idmateria, idprofesor) values (322, 5, 164);
insert into materiaprofesor (id, idmateria, idprofesor) values (323, 1, 248);
insert into materiaprofesor (id, idmateria, idprofesor) values (324, 16, 34);
insert into materiaprofesor (id, idmateria, idprofesor) values (325, 9, 264);
insert into materiaprofesor (id, idmateria, idprofesor) values (326, 19, 227);
insert into materiaprofesor (id, idmateria, idprofesor) values (327, 19, 80);
insert into materiaprofesor (id, idmateria, idprofesor) values (328, 21, 39);
insert into materiaprofesor (id, idmateria, idprofesor) values (329, 4, 101);
insert into materiaprofesor (id, idmateria, idprofesor) values (330, 3, 68);
insert into materiaprofesor (id, idmateria, idprofesor) values (331, 17, 9);
insert into materiaprofesor (id, idmateria, idprofesor) values (332, 21, 81);
insert into materiaprofesor (id, idmateria, idprofesor) values (333, 18, 76);
insert into materiaprofesor (id, idmateria, idprofesor) values (334, 13, 32);
insert into materiaprofesor (id, idmateria, idprofesor) values (335, 23, 248);
insert into materiaprofesor (id, idmateria, idprofesor) values (336, 16, 242);
insert into materiaprofesor (id, idmateria, idprofesor) values (337, 1, 25);
insert into materiaprofesor (id, idmateria, idprofesor) values (338, 1, 108);
insert into materiaprofesor (id, idmateria, idprofesor) values (339, 13, 119);
insert into materiaprofesor (id, idmateria, idprofesor) values (340, 20, 260);
insert into materiaprofesor (id, idmateria, idprofesor) values (341, 4, 210);
insert into materiaprofesor (id, idmateria, idprofesor) values (342, 7, 266);
insert into materiaprofesor (id, idmateria, idprofesor) values (343, 2, 289);
insert into materiaprofesor (id, idmateria, idprofesor) values (344, 14, 146);
insert into materiaprofesor (id, idmateria, idprofesor) values (345, 5, 205);
insert into materiaprofesor (id, idmateria, idprofesor) values (346, 13, 104);
insert into materiaprofesor (id, idmateria, idprofesor) values (347, 20, 45);
insert into materiaprofesor (id, idmateria, idprofesor) values (348, 3, 38);
insert into materiaprofesor (id, idmateria, idprofesor) values (349, 10, 278);
insert into materiaprofesor (id, idmateria, idprofesor) values (350, 17, 177);
insert into materiaprofesor (id, idmateria, idprofesor) values (351, 8, 78);
insert into materiaprofesor (id, idmateria, idprofesor) values (352, 4, 292);
insert into materiaprofesor (id, idmateria, idprofesor) values (353, 13, 208);
insert into materiaprofesor (id, idmateria, idprofesor) values (354, 13, 218);
insert into materiaprofesor (id, idmateria, idprofesor) values (355, 10, 107);
insert into materiaprofesor (id, idmateria, idprofesor) values (356, 16, 241);
insert into materiaprofesor (id, idmateria, idprofesor) values (357, 21, 255);
insert into materiaprofesor (id, idmateria, idprofesor) values (358, 5, 267);
insert into materiaprofesor (id, idmateria, idprofesor) values (359, 11, 236);
insert into materiaprofesor (id, idmateria, idprofesor) values (360, 14, 286);
insert into materiaprofesor (id, idmateria, idprofesor) values (361, 9, 171);
insert into materiaprofesor (id, idmateria, idprofesor) values (362, 12, 243);
insert into materiaprofesor (id, idmateria, idprofesor) values (363, 11, 273);
insert into materiaprofesor (id, idmateria, idprofesor) values (364, 17, 176);
insert into materiaprofesor (id, idmateria, idprofesor) values (365, 2, 31);
insert into materiaprofesor (id, idmateria, idprofesor) values (366, 13, 265);
insert into materiaprofesor (id, idmateria, idprofesor) values (367, 6, 83);
insert into materiaprofesor (id, idmateria, idprofesor) values (368, 17, 131);
insert into materiaprofesor (id, idmateria, idprofesor) values (369, 14, 76);
insert into materiaprofesor (id, idmateria, idprofesor) values (370, 9, 84);
insert into materiaprofesor (id, idmateria, idprofesor) values (371, 6, 231);
insert into materiaprofesor (id, idmateria, idprofesor) values (372, 20, 3);
insert into materiaprofesor (id, idmateria, idprofesor) values (373, 15, 92);
insert into materiaprofesor (id, idmateria, idprofesor) values (374, 1, 155);
insert into materiaprofesor (id, idmateria, idprofesor) values (375, 24, 256);
insert into materiaprofesor (id, idmateria, idprofesor) values (376, 18, 175);
insert into materiaprofesor (id, idmateria, idprofesor) values (377, 7, 239);
insert into materiaprofesor (id, idmateria, idprofesor) values (378, 24, 4);
insert into materiaprofesor (id, idmateria, idprofesor) values (379, 3, 189);
insert into materiaprofesor (id, idmateria, idprofesor) values (380, 14, 43);
insert into materiaprofesor (id, idmateria, idprofesor) values (381, 23, 122);
insert into materiaprofesor (id, idmateria, idprofesor) values (382, 15, 296);
insert into materiaprofesor (id, idmateria, idprofesor) values (383, 6, 25);
insert into materiaprofesor (id, idmateria, idprofesor) values (384, 12, 265);
insert into materiaprofesor (id, idmateria, idprofesor) values (385, 8, 15);
insert into materiaprofesor (id, idmateria, idprofesor) values (386, 20, 243);
insert into materiaprofesor (id, idmateria, idprofesor) values (387, 3, 254);
insert into materiaprofesor (id, idmateria, idprofesor) values (388, 6, 129);
insert into materiaprofesor (id, idmateria, idprofesor) values (389, 13, 155);
insert into materiaprofesor (id, idmateria, idprofesor) values (390, 21, 262);
insert into materiaprofesor (id, idmateria, idprofesor) values (391, 10, 57);
insert into materiaprofesor (id, idmateria, idprofesor) values (392, 2, 86);
insert into materiaprofesor (id, idmateria, idprofesor) values (393, 11, 220);
insert into materiaprofesor (id, idmateria, idprofesor) values (394, 21, 157);
insert into materiaprofesor (id, idmateria, idprofesor) values (395, 7, 112);
insert into materiaprofesor (id, idmateria, idprofesor) values (396, 25, 13);
insert into materiaprofesor (id, idmateria, idprofesor) values (397, 23, 157);
insert into materiaprofesor (id, idmateria, idprofesor) values (398, 6, 252);
insert into materiaprofesor (id, idmateria, idprofesor) values (399, 9, 12);
insert into materiaprofesor (id, idmateria, idprofesor) values (400, 12, 79);
insert into materiaprofesor (id, idmateria, idprofesor) values (401, 14, 142);
insert into materiaprofesor (id, idmateria, idprofesor) values (402, 21, 141);
insert into materiaprofesor (id, idmateria, idprofesor) values (403, 12, 189);
insert into materiaprofesor (id, idmateria, idprofesor) values (404, 20, 271);
insert into materiaprofesor (id, idmateria, idprofesor) values (405, 4, 121);
insert into materiaprofesor (id, idmateria, idprofesor) values (406, 1, 9);
insert into materiaprofesor (id, idmateria, idprofesor) values (407, 14, 289);
insert into materiaprofesor (id, idmateria, idprofesor) values (408, 20, 192);
insert into materiaprofesor (id, idmateria, idprofesor) values (409, 9, 135);
insert into materiaprofesor (id, idmateria, idprofesor) values (410, 16, 111);
insert into materiaprofesor (id, idmateria, idprofesor) values (411, 17, 34);
insert into materiaprofesor (id, idmateria, idprofesor) values (412, 18, 212);
insert into materiaprofesor (id, idmateria, idprofesor) values (413, 14, 2);
insert into materiaprofesor (id, idmateria, idprofesor) values (414, 20, 129);
insert into materiaprofesor (id, idmateria, idprofesor) values (415, 8, 12);
insert into materiaprofesor (id, idmateria, idprofesor) values (416, 10, 188);
insert into materiaprofesor (id, idmateria, idprofesor) values (417, 14, 43);
insert into materiaprofesor (id, idmateria, idprofesor) values (418, 19, 279);
insert into materiaprofesor (id, idmateria, idprofesor) values (419, 5, 32);
insert into materiaprofesor (id, idmateria, idprofesor) values (420, 4, 84);
insert into materiaprofesor (id, idmateria, idprofesor) values (421, 4, 279);
insert into materiaprofesor (id, idmateria, idprofesor) values (422, 21, 211);
insert into materiaprofesor (id, idmateria, idprofesor) values (423, 7, 300);
insert into materiaprofesor (id, idmateria, idprofesor) values (424, 1, 219);
insert into materiaprofesor (id, idmateria, idprofesor) values (425, 21, 201);
insert into materiaprofesor (id, idmateria, idprofesor) values (426, 11, 150);
insert into materiaprofesor (id, idmateria, idprofesor) values (427, 3, 91);
insert into materiaprofesor (id, idmateria, idprofesor) values (428, 10, 38);
insert into materiaprofesor (id, idmateria, idprofesor) values (429, 7, 189);
insert into materiaprofesor (id, idmateria, idprofesor) values (430, 17, 287);
insert into materiaprofesor (id, idmateria, idprofesor) values (431, 21, 226);
insert into materiaprofesor (id, idmateria, idprofesor) values (432, 16, 233);
insert into materiaprofesor (id, idmateria, idprofesor) values (433, 3, 233);
insert into materiaprofesor (id, idmateria, idprofesor) values (434, 11, 22);
insert into materiaprofesor (id, idmateria, idprofesor) values (435, 7, 154);
insert into materiaprofesor (id, idmateria, idprofesor) values (436, 17, 24);
insert into materiaprofesor (id, idmateria, idprofesor) values (437, 21, 247);
insert into materiaprofesor (id, idmateria, idprofesor) values (438, 3, 240);
insert into materiaprofesor (id, idmateria, idprofesor) values (439, 15, 9);
insert into materiaprofesor (id, idmateria, idprofesor) values (440, 14, 265);
insert into materiaprofesor (id, idmateria, idprofesor) values (441, 3, 86);
insert into materiaprofesor (id, idmateria, idprofesor) values (442, 21, 284);
insert into materiaprofesor (id, idmateria, idprofesor) values (443, 15, 192);
insert into materiaprofesor (id, idmateria, idprofesor) values (444, 11, 190);
insert into materiaprofesor (id, idmateria, idprofesor) values (445, 10, 81);
insert into materiaprofesor (id, idmateria, idprofesor) values (446, 8, 171);
insert into materiaprofesor (id, idmateria, idprofesor) values (447, 18, 204);
insert into materiaprofesor (id, idmateria, idprofesor) values (448, 9, 94);
insert into materiaprofesor (id, idmateria, idprofesor) values (449, 11, 178);
insert into materiaprofesor (id, idmateria, idprofesor) values (450, 9, 61);
insert into materiaprofesor (id, idmateria, idprofesor) values (451, 8, 281);
insert into materiaprofesor (id, idmateria, idprofesor) values (452, 15, 250);
insert into materiaprofesor (id, idmateria, idprofesor) values (453, 10, 22);
insert into materiaprofesor (id, idmateria, idprofesor) values (454, 13, 36);
insert into materiaprofesor (id, idmateria, idprofesor) values (455, 17, 174);
insert into materiaprofesor (id, idmateria, idprofesor) values (456, 25, 14);
insert into materiaprofesor (id, idmateria, idprofesor) values (457, 6, 150);
insert into materiaprofesor (id, idmateria, idprofesor) values (458, 7, 246);
insert into materiaprofesor (id, idmateria, idprofesor) values (459, 22, 148);
insert into materiaprofesor (id, idmateria, idprofesor) values (460, 12, 255);
insert into materiaprofesor (id, idmateria, idprofesor) values (461, 12, 151);
insert into materiaprofesor (id, idmateria, idprofesor) values (462, 20, 213);
insert into materiaprofesor (id, idmateria, idprofesor) values (463, 11, 59);
insert into materiaprofesor (id, idmateria, idprofesor) values (464, 1, 180);
insert into materiaprofesor (id, idmateria, idprofesor) values (465, 1, 128);
insert into materiaprofesor (id, idmateria, idprofesor) values (466, 25, 234);
insert into materiaprofesor (id, idmateria, idprofesor) values (467, 15, 58);
insert into materiaprofesor (id, idmateria, idprofesor) values (468, 9, 108);
insert into materiaprofesor (id, idmateria, idprofesor) values (469, 3, 263);
insert into materiaprofesor (id, idmateria, idprofesor) values (470, 13, 232);
insert into materiaprofesor (id, idmateria, idprofesor) values (471, 25, 57);
insert into materiaprofesor (id, idmateria, idprofesor) values (472, 25, 67);
insert into materiaprofesor (id, idmateria, idprofesor) values (473, 2, 122);
insert into materiaprofesor (id, idmateria, idprofesor) values (474, 21, 148);
insert into materiaprofesor (id, idmateria, idprofesor) values (475, 5, 47);
insert into materiaprofesor (id, idmateria, idprofesor) values (476, 3, 8);
insert into materiaprofesor (id, idmateria, idprofesor) values (477, 14, 237);
insert into materiaprofesor (id, idmateria, idprofesor) values (478, 3, 174);
insert into materiaprofesor (id, idmateria, idprofesor) values (479, 4, 40);
insert into materiaprofesor (id, idmateria, idprofesor) values (480, 22, 225);
insert into materiaprofesor (id, idmateria, idprofesor) values (481, 15, 128);
insert into materiaprofesor (id, idmateria, idprofesor) values (482, 20, 102);
insert into materiaprofesor (id, idmateria, idprofesor) values (483, 3, 221);
insert into materiaprofesor (id, idmateria, idprofesor) values (484, 11, 203);
insert into materiaprofesor (id, idmateria, idprofesor) values (485, 14, 52);
insert into materiaprofesor (id, idmateria, idprofesor) values (486, 11, 114);
insert into materiaprofesor (id, idmateria, idprofesor) values (487, 22, 27);
insert into materiaprofesor (id, idmateria, idprofesor) values (488, 8, 219);
insert into materiaprofesor (id, idmateria, idprofesor) values (489, 18, 264);
insert into materiaprofesor (id, idmateria, idprofesor) values (490, 24, 250);
insert into materiaprofesor (id, idmateria, idprofesor) values (491, 24, 177);
insert into materiaprofesor (id, idmateria, idprofesor) values (492, 24, 9);
insert into materiaprofesor (id, idmateria, idprofesor) values (493, 6, 200);
insert into materiaprofesor (id, idmateria, idprofesor) values (494, 4, 174);
insert into materiaprofesor (id, idmateria, idprofesor) values (495, 15, 272);
insert into materiaprofesor (id, idmateria, idprofesor) values (496, 10, 131);
insert into materiaprofesor (id, idmateria, idprofesor) values (497, 18, 152);
insert into materiaprofesor (id, idmateria, idprofesor) values (498, 8, 134);
insert into materiaprofesor (id, idmateria, idprofesor) values (499, 22, 188);
insert into materiaprofesor (id, idmateria, idprofesor) values (500, 13, 294);
insert into materiaprofesor (id, idmateria, idprofesor) values (501, 2, 187);
insert into materiaprofesor (id, idmateria, idprofesor) values (502, 20, 112);
insert into materiaprofesor (id, idmateria, idprofesor) values (503, 9, 108);
insert into materiaprofesor (id, idmateria, idprofesor) values (504, 13, 161);
insert into materiaprofesor (id, idmateria, idprofesor) values (505, 19, 56);
insert into materiaprofesor (id, idmateria, idprofesor) values (506, 11, 112);
insert into materiaprofesor (id, idmateria, idprofesor) values (507, 4, 160);
insert into materiaprofesor (id, idmateria, idprofesor) values (508, 15, 241);
insert into materiaprofesor (id, idmateria, idprofesor) values (509, 6, 271);
insert into materiaprofesor (id, idmateria, idprofesor) values (510, 1, 46);
insert into materiaprofesor (id, idmateria, idprofesor) values (511, 21, 229);
insert into materiaprofesor (id, idmateria, idprofesor) values (512, 20, 248);
insert into materiaprofesor (id, idmateria, idprofesor) values (513, 16, 284);
insert into materiaprofesor (id, idmateria, idprofesor) values (514, 25, 47);
insert into materiaprofesor (id, idmateria, idprofesor) values (515, 19, 53);
insert into materiaprofesor (id, idmateria, idprofesor) values (516, 9, 2);
insert into materiaprofesor (id, idmateria, idprofesor) values (517, 9, 215);
insert into materiaprofesor (id, idmateria, idprofesor) values (518, 12, 1);
insert into materiaprofesor (id, idmateria, idprofesor) values (519, 24, 42);
insert into materiaprofesor (id, idmateria, idprofesor) values (520, 25, 192);
insert into materiaprofesor (id, idmateria, idprofesor) values (521, 23, 63);
insert into materiaprofesor (id, idmateria, idprofesor) values (522, 8, 245);
insert into materiaprofesor (id, idmateria, idprofesor) values (523, 10, 297);
insert into materiaprofesor (id, idmateria, idprofesor) values (524, 13, 4);
insert into materiaprofesor (id, idmateria, idprofesor) values (525, 13, 191);
insert into materiaprofesor (id, idmateria, idprofesor) values (526, 12, 133);
insert into materiaprofesor (id, idmateria, idprofesor) values (527, 18, 182);
insert into materiaprofesor (id, idmateria, idprofesor) values (528, 6, 263);
insert into materiaprofesor (id, idmateria, idprofesor) values (529, 3, 4);
insert into materiaprofesor (id, idmateria, idprofesor) values (530, 20, 64);
insert into materiaprofesor (id, idmateria, idprofesor) values (531, 14, 277);
insert into materiaprofesor (id, idmateria, idprofesor) values (532, 12, 157);
insert into materiaprofesor (id, idmateria, idprofesor) values (533, 23, 117);
insert into materiaprofesor (id, idmateria, idprofesor) values (534, 2, 218);
insert into materiaprofesor (id, idmateria, idprofesor) values (535, 11, 177);
insert into materiaprofesor (id, idmateria, idprofesor) values (536, 6, 287);
insert into materiaprofesor (id, idmateria, idprofesor) values (537, 20, 293);
insert into materiaprofesor (id, idmateria, idprofesor) values (538, 3, 95);
insert into materiaprofesor (id, idmateria, idprofesor) values (539, 24, 176);
insert into materiaprofesor (id, idmateria, idprofesor) values (540, 13, 46);
insert into materiaprofesor (id, idmateria, idprofesor) values (541, 19, 4);
insert into materiaprofesor (id, idmateria, idprofesor) values (542, 3, 176);
insert into materiaprofesor (id, idmateria, idprofesor) values (543, 18, 34);
insert into materiaprofesor (id, idmateria, idprofesor) values (544, 24, 241);
insert into materiaprofesor (id, idmateria, idprofesor) values (545, 24, 110);
insert into materiaprofesor (id, idmateria, idprofesor) values (546, 1, 27);
insert into materiaprofesor (id, idmateria, idprofesor) values (547, 7, 22);
insert into materiaprofesor (id, idmateria, idprofesor) values (548, 25, 155);
insert into materiaprofesor (id, idmateria, idprofesor) values (549, 4, 88);
insert into materiaprofesor (id, idmateria, idprofesor) values (550, 12, 178);
insert into materiaprofesor (id, idmateria, idprofesor) values (551, 5, 181);
insert into materiaprofesor (id, idmateria, idprofesor) values (552, 18, 200);
insert into materiaprofesor (id, idmateria, idprofesor) values (553, 18, 282);
insert into materiaprofesor (id, idmateria, idprofesor) values (554, 19, 215);
insert into materiaprofesor (id, idmateria, idprofesor) values (555, 19, 121);
insert into materiaprofesor (id, idmateria, idprofesor) values (556, 16, 245);
insert into materiaprofesor (id, idmateria, idprofesor) values (557, 23, 149);
insert into materiaprofesor (id, idmateria, idprofesor) values (558, 11, 123);
insert into materiaprofesor (id, idmateria, idprofesor) values (559, 9, 251);
insert into materiaprofesor (id, idmateria, idprofesor) values (560, 20, 80);
insert into materiaprofesor (id, idmateria, idprofesor) values (561, 14, 300);
insert into materiaprofesor (id, idmateria, idprofesor) values (562, 15, 34);
insert into materiaprofesor (id, idmateria, idprofesor) values (563, 6, 294);
insert into materiaprofesor (id, idmateria, idprofesor) values (564, 25, 287);
insert into materiaprofesor (id, idmateria, idprofesor) values (565, 15, 161);
insert into materiaprofesor (id, idmateria, idprofesor) values (566, 8, 295);
insert into materiaprofesor (id, idmateria, idprofesor) values (567, 19, 172);
insert into materiaprofesor (id, idmateria, idprofesor) values (568, 15, 129);
insert into materiaprofesor (id, idmateria, idprofesor) values (569, 6, 177);
insert into materiaprofesor (id, idmateria, idprofesor) values (570, 15, 112);
insert into materiaprofesor (id, idmateria, idprofesor) values (571, 3, 271);
insert into materiaprofesor (id, idmateria, idprofesor) values (572, 24, 277);
insert into materiaprofesor (id, idmateria, idprofesor) values (573, 7, 65);
insert into materiaprofesor (id, idmateria, idprofesor) values (574, 13, 56);
insert into materiaprofesor (id, idmateria, idprofesor) values (575, 16, 110);
insert into materiaprofesor (id, idmateria, idprofesor) values (576, 6, 206);
insert into materiaprofesor (id, idmateria, idprofesor) values (577, 12, 10);
insert into materiaprofesor (id, idmateria, idprofesor) values (578, 16, 272);
insert into materiaprofesor (id, idmateria, idprofesor) values (579, 6, 109);
insert into materiaprofesor (id, idmateria, idprofesor) values (580, 17, 96);
insert into materiaprofesor (id, idmateria, idprofesor) values (581, 23, 225);
insert into materiaprofesor (id, idmateria, idprofesor) values (582, 19, 97);
insert into materiaprofesor (id, idmateria, idprofesor) values (583, 9, 73);
insert into materiaprofesor (id, idmateria, idprofesor) values (584, 24, 21);
insert into materiaprofesor (id, idmateria, idprofesor) values (585, 18, 287);
insert into materiaprofesor (id, idmateria, idprofesor) values (586, 1, 170);
insert into materiaprofesor (id, idmateria, idprofesor) values (587, 5, 48);
insert into materiaprofesor (id, idmateria, idprofesor) values (588, 16, 273);
insert into materiaprofesor (id, idmateria, idprofesor) values (589, 6, 3);
insert into materiaprofesor (id, idmateria, idprofesor) values (590, 21, 123);
insert into materiaprofesor (id, idmateria, idprofesor) values (591, 24, 238);
insert into materiaprofesor (id, idmateria, idprofesor) values (592, 8, 47);
insert into materiaprofesor (id, idmateria, idprofesor) values (593, 19, 285);
insert into materiaprofesor (id, idmateria, idprofesor) values (594, 14, 34);
insert into materiaprofesor (id, idmateria, idprofesor) values (595, 9, 259);
insert into materiaprofesor (id, idmateria, idprofesor) values (596, 10, 7);
insert into materiaprofesor (id, idmateria, idprofesor) values (597, 7, 23);
insert into materiaprofesor (id, idmateria, idprofesor) values (598, 18, 138);
insert into materiaprofesor (id, idmateria, idprofesor) values (599, 22, 75);
insert into materiaprofesor (id, idmateria, idprofesor) values (600, 23, 135);
insert into materiaprofesor (id, idmateria, idprofesor) values (601, 13, 243);
insert into materiaprofesor (id, idmateria, idprofesor) values (602, 23, 93);
insert into materiaprofesor (id, idmateria, idprofesor) values (603, 11, 16);
insert into materiaprofesor (id, idmateria, idprofesor) values (604, 25, 60);
insert into materiaprofesor (id, idmateria, idprofesor) values (605, 15, 294);
insert into materiaprofesor (id, idmateria, idprofesor) values (606, 3, 195);
insert into materiaprofesor (id, idmateria, idprofesor) values (607, 9, 275);
insert into materiaprofesor (id, idmateria, idprofesor) values (608, 5, 58);
insert into materiaprofesor (id, idmateria, idprofesor) values (609, 13, 245);
insert into materiaprofesor (id, idmateria, idprofesor) values (610, 20, 184);
insert into materiaprofesor (id, idmateria, idprofesor) values (611, 10, 230);
insert into materiaprofesor (id, idmateria, idprofesor) values (612, 4, 238);
insert into materiaprofesor (id, idmateria, idprofesor) values (613, 19, 202);
insert into materiaprofesor (id, idmateria, idprofesor) values (614, 7, 87);
insert into materiaprofesor (id, idmateria, idprofesor) values (615, 16, 31);
insert into materiaprofesor (id, idmateria, idprofesor) values (616, 23, 20);
insert into materiaprofesor (id, idmateria, idprofesor) values (617, 15, 95);
insert into materiaprofesor (id, idmateria, idprofesor) values (618, 15, 288);
insert into materiaprofesor (id, idmateria, idprofesor) values (619, 19, 100);
insert into materiaprofesor (id, idmateria, idprofesor) values (620, 17, 273);
insert into materiaprofesor (id, idmateria, idprofesor) values (621, 7, 89);
insert into materiaprofesor (id, idmateria, idprofesor) values (622, 24, 235);
insert into materiaprofesor (id, idmateria, idprofesor) values (623, 1, 276);
insert into materiaprofesor (id, idmateria, idprofesor) values (624, 22, 208);
insert into materiaprofesor (id, idmateria, idprofesor) values (625, 3, 206);
insert into materiaprofesor (id, idmateria, idprofesor) values (626, 3, 77);
insert into materiaprofesor (id, idmateria, idprofesor) values (627, 17, 233);
insert into materiaprofesor (id, idmateria, idprofesor) values (628, 15, 75);
insert into materiaprofesor (id, idmateria, idprofesor) values (629, 25, 260);
insert into materiaprofesor (id, idmateria, idprofesor) values (630, 19, 75);
insert into materiaprofesor (id, idmateria, idprofesor) values (631, 6, 154);
insert into materiaprofesor (id, idmateria, idprofesor) values (632, 1, 4);
insert into materiaprofesor (id, idmateria, idprofesor) values (633, 8, 231);
insert into materiaprofesor (id, idmateria, idprofesor) values (634, 21, 118);
insert into materiaprofesor (id, idmateria, idprofesor) values (635, 20, 28);
insert into materiaprofesor (id, idmateria, idprofesor) values (636, 20, 271);
insert into materiaprofesor (id, idmateria, idprofesor) values (637, 11, 16);
insert into materiaprofesor (id, idmateria, idprofesor) values (638, 16, 263);
insert into materiaprofesor (id, idmateria, idprofesor) values (639, 21, 48);
insert into materiaprofesor (id, idmateria, idprofesor) values (640, 21, 114);
insert into materiaprofesor (id, idmateria, idprofesor) values (641, 3, 25);
insert into materiaprofesor (id, idmateria, idprofesor) values (642, 3, 20);
insert into materiaprofesor (id, idmateria, idprofesor) values (643, 19, 292);
insert into materiaprofesor (id, idmateria, idprofesor) values (644, 10, 59);
insert into materiaprofesor (id, idmateria, idprofesor) values (645, 20, 5);
insert into materiaprofesor (id, idmateria, idprofesor) values (646, 14, 194);
insert into materiaprofesor (id, idmateria, idprofesor) values (647, 15, 22);
insert into materiaprofesor (id, idmateria, idprofesor) values (648, 16, 109);
insert into materiaprofesor (id, idmateria, idprofesor) values (649, 16, 64);
insert into materiaprofesor (id, idmateria, idprofesor) values (650, 10, 256);
insert into materiaprofesor (id, idmateria, idprofesor) values (651, 24, 86);
insert into materiaprofesor (id, idmateria, idprofesor) values (652, 15, 197);
insert into materiaprofesor (id, idmateria, idprofesor) values (653, 6, 86);
insert into materiaprofesor (id, idmateria, idprofesor) values (654, 2, 72);
insert into materiaprofesor (id, idmateria, idprofesor) values (655, 21, 6);
insert into materiaprofesor (id, idmateria, idprofesor) values (656, 22, 111);
insert into materiaprofesor (id, idmateria, idprofesor) values (657, 25, 200);
insert into materiaprofesor (id, idmateria, idprofesor) values (658, 12, 47);
insert into materiaprofesor (id, idmateria, idprofesor) values (659, 25, 166);
insert into materiaprofesor (id, idmateria, idprofesor) values (660, 10, 99);
insert into materiaprofesor (id, idmateria, idprofesor) values (661, 13, 34);
insert into materiaprofesor (id, idmateria, idprofesor) values (662, 22, 19);
insert into materiaprofesor (id, idmateria, idprofesor) values (663, 18, 229);
insert into materiaprofesor (id, idmateria, idprofesor) values (664, 14, 161);
insert into materiaprofesor (id, idmateria, idprofesor) values (665, 18, 207);
insert into materiaprofesor (id, idmateria, idprofesor) values (666, 24, 119);
insert into materiaprofesor (id, idmateria, idprofesor) values (667, 22, 169);
insert into materiaprofesor (id, idmateria, idprofesor) values (668, 19, 138);
insert into materiaprofesor (id, idmateria, idprofesor) values (669, 9, 154);
insert into materiaprofesor (id, idmateria, idprofesor) values (670, 24, 114);
insert into materiaprofesor (id, idmateria, idprofesor) values (671, 3, 211);
insert into materiaprofesor (id, idmateria, idprofesor) values (672, 6, 270);
insert into materiaprofesor (id, idmateria, idprofesor) values (673, 15, 211);
insert into materiaprofesor (id, idmateria, idprofesor) values (674, 20, 38);
insert into materiaprofesor (id, idmateria, idprofesor) values (675, 22, 140);
insert into materiaprofesor (id, idmateria, idprofesor) values (676, 23, 88);
insert into materiaprofesor (id, idmateria, idprofesor) values (677, 14, 274);
insert into materiaprofesor (id, idmateria, idprofesor) values (678, 10, 149);
insert into materiaprofesor (id, idmateria, idprofesor) values (679, 4, 273);
insert into materiaprofesor (id, idmateria, idprofesor) values (680, 19, 138);
insert into materiaprofesor (id, idmateria, idprofesor) values (681, 4, 37);
insert into materiaprofesor (id, idmateria, idprofesor) values (682, 16, 277);
insert into materiaprofesor (id, idmateria, idprofesor) values (683, 6, 104);
insert into materiaprofesor (id, idmateria, idprofesor) values (684, 20, 240);
insert into materiaprofesor (id, idmateria, idprofesor) values (685, 16, 189);
insert into materiaprofesor (id, idmateria, idprofesor) values (686, 25, 41);
insert into materiaprofesor (id, idmateria, idprofesor) values (687, 22, 22);
insert into materiaprofesor (id, idmateria, idprofesor) values (688, 6, 94);
insert into materiaprofesor (id, idmateria, idprofesor) values (689, 25, 85);
insert into materiaprofesor (id, idmateria, idprofesor) values (690, 23, 157);
insert into materiaprofesor (id, idmateria, idprofesor) values (691, 16, 173);
insert into materiaprofesor (id, idmateria, idprofesor) values (692, 25, 72);
insert into materiaprofesor (id, idmateria, idprofesor) values (693, 4, 106);
insert into materiaprofesor (id, idmateria, idprofesor) values (694, 18, 270);
insert into materiaprofesor (id, idmateria, idprofesor) values (695, 10, 162);
insert into materiaprofesor (id, idmateria, idprofesor) values (696, 9, 10);
insert into materiaprofesor (id, idmateria, idprofesor) values (697, 18, 62);
insert into materiaprofesor (id, idmateria, idprofesor) values (698, 8, 33);
insert into materiaprofesor (id, idmateria, idprofesor) values (699, 17, 125);
insert into materiaprofesor (id, idmateria, idprofesor) values (700, 10, 112);

-- GRUPO
insert into grupo (id, idtutor, nombre) values (1, 187, '2O');
insert into grupo (id, idtutor, nombre) values (2, 77, '8C');
insert into grupo (id, idtutor, nombre) values (3, 160, '9C');
insert into grupo (id, idtutor, nombre) values (4, 240, '2E');
insert into grupo (id, idtutor, nombre) values (5, 288, '5D');
insert into grupo (id, idtutor, nombre) values (6, 297, '4E');
insert into grupo (id, idtutor, nombre) values (7, 42, '9E');
insert into grupo (id, idtutor, nombre) values (8, 63, '6C');
insert into grupo (id, idtutor, nombre) values (9, 13, '6F');
insert into grupo (id, idtutor, nombre) values (10, 173, '1C');
insert into grupo (id, idtutor, nombre) values (11, 83, '6J');
insert into grupo (id, idtutor, nombre) values (12, 295, '5F');
insert into grupo (id, idtutor, nombre) values (13, 273, '4G');
insert into grupo (id, idtutor, nombre) values (14, 162, '3T');
insert into grupo (id, idtutor, nombre) values (15, 116, '7I');
insert into grupo (id, idtutor, nombre) values (16, 289, '3N');
insert into grupo (id, idtutor, nombre) values (17, 211, '6K');
insert into grupo (id, idtutor, nombre) values (18, 300, '2J');
insert into grupo (id, idtutor, nombre) values (19, 238, '5G');
insert into grupo (id, idtutor, nombre) values (20, 229, '3W');
insert into grupo (id, idtutor, nombre) values (21, 120, '3D');
insert into grupo (id, idtutor, nombre) values (22, 170, '4L');
insert into grupo (id, idtutor, nombre) values (23, 155, '0F');
insert into grupo (id, idtutor, nombre) values (24, 283, '0N');
insert into grupo (id, idtutor, nombre) values (25, 51, '2R');
insert into grupo (id, idtutor, nombre) values (26, 256, '7W');
insert into grupo (id, idtutor, nombre) values (27, 265, '5Z');
insert into grupo (id, idtutor, nombre) values (28, 287, '1M');
insert into grupo (id, idtutor, nombre) values (29, 104, '3E');
insert into grupo (id, idtutor, nombre) values (30, 274, '5F');
insert into grupo (id, idtutor, nombre) values (31, 148, '2T');
insert into grupo (id, idtutor, nombre) values (32, 158, '1K');
insert into grupo (id, idtutor, nombre) values (33, 296, '1P');
insert into grupo (id, idtutor, nombre) values (34, 179, '3V');
insert into grupo (id, idtutor, nombre) values (35, 206, '3A');
insert into grupo (id, idtutor, nombre) values (36, 19, '6E');
insert into grupo (id, idtutor, nombre) values (37, 224, '5A');
insert into grupo (id, idtutor, nombre) values (38, 79, '3M');
insert into grupo (id, idtutor, nombre) values (39, 12, '7N');
insert into grupo (id, idtutor, nombre) values (40, 126, '5O');
insert into grupo (id, idtutor, nombre) values (41, 144, '5P');
insert into grupo (id, idtutor, nombre) values (42, 185, '4O');
insert into grupo (id, idtutor, nombre) values (43, 72, '1H');
insert into grupo (id, idtutor, nombre) values (44, 149, '9U');
insert into grupo (id, idtutor, nombre) values (45, 11, '4V');
insert into grupo (id, idtutor, nombre) values (46, 38, '4D');
insert into grupo (id, idtutor, nombre) values (47, 26, '4H');
insert into grupo (id, idtutor, nombre) values (48, 10, '1J');
insert into grupo (id, idtutor, nombre) values (49, 52, '7N');
insert into grupo (id, idtutor, nombre) values (50, 121, '3Z');

-- INTERVALO
INSERT INTO intervalo (id, horainicio, horafin)
VALUES 
	(1, "08:20:00", "09:15:00"),
	(2, "09:15:00", "10:10:00"),
	(3, "10:10:00", "11:00:00"),
	(4, "11:25:00", "12:20:00"),
	(5, "12:20:00", "13:10:00"),
	(6, "13:10:00", "14:00:00"),
	(7, "14:10:00", "15:00:00"),
	(8, "15:15:00", "16:05:00"),
	(9, "16:05:00", "17:00:00"),
	(10, "17:00:00", "17:50:00"),
	(11, "18:10:00", "19:00:00"),
	(12, "19:00:00", "19:50:00"),
	(13, "19:50:00", "20:40:00"),
	(14, "20:50:00", "21:40:00");
    
-- SESION
insert into sesion (id, idprofesor, idgrupo, idintervalo, idmateria, aula) values (1, 27, 11, 4, 18, '45B');
insert into sesion (id, idprofesor, idgrupo, idintervalo, idmateria, aula) values (2, 39, 16, 1, 19, '71Z');
insert into sesion (id, idprofesor, idgrupo, idintervalo, idmateria, aula) values (3, 64, 18, 6, 8, '29Z');
insert into sesion (id, idprofesor, idgrupo, idintervalo, idmateria, aula) values (4, 64, 11, 6, 13, '97X');
insert into sesion (id, idprofesor, idgrupo, idintervalo, idmateria, aula) values (5, 79, 6, 3, 13, '40U');
insert into sesion (id, idprofesor, idgrupo, idintervalo, idmateria, aula) values (6, 8, 24, 5, 13, '55U');
insert into sesion (id, idprofesor, idgrupo, idintervalo, idmateria, aula) values (7, 81, 4, 4, 9, '57P');
insert into sesion (id, idprofesor, idgrupo, idintervalo, idmateria, aula) values (8, 85, 25, 3, 18, '72N');
insert into sesion (id, idprofesor, idgrupo, idintervalo, idmateria, aula) values (9, 31, 6, 2, 23, '48A');
insert into sesion (id, idprofesor, idgrupo, idintervalo, idmateria, aula) values (10, 105, 7, 2, 7, '15Z');
insert into sesion (id, idprofesor, idgrupo, idintervalo, idmateria, aula) values (11, 44, 16, 5, 9, '74C');
insert into sesion (id, idprofesor, idgrupo, idintervalo, idmateria, aula) values (12, 74, 1, 3, 21, '39G');
insert into sesion (id, idprofesor, idgrupo, idintervalo, idmateria, aula) values (13, 51, 4, 5, 15, '78S');
insert into sesion (id, idprofesor, idgrupo, idintervalo, idmateria, aula) values (14, 139, 12, 2, 6, '10O');
insert into sesion (id, idprofesor, idgrupo, idintervalo, idmateria, aula) values (15, 41, 1, 5, 18, '48C');
insert into sesion (id, idprofesor, idgrupo, idintervalo, idmateria, aula) values (16, 39, 10, 7, 15, '55D');
insert into sesion (id, idprofesor, idgrupo, idintervalo, idmateria, aula) values (17, 51, 5, 7, 1, '69T');
insert into sesion (id, idprofesor, idgrupo, idintervalo, idmateria, aula) values (18, 127, 11, 2, 15, '04L');
insert into sesion (id, idprofesor, idgrupo, idintervalo, idmateria, aula) values (19, 48, 7, 1, 6, '77F');
insert into sesion (id, idprofesor, idgrupo, idintervalo, idmateria, aula) values (20, 114, 1, 2, 23, '27J');
insert into sesion (id, idprofesor, idgrupo, idintervalo, idmateria, aula) values (21, 116, 21, 1, 2, '80M');
insert into sesion (id, idprofesor, idgrupo, idintervalo, idmateria, aula) values (22, 42, 12, 1, 15, '24K');
insert into sesion (id, idprofesor, idgrupo, idintervalo, idmateria, aula) values (23, 34, 14, 1, 5, '85I');
insert into sesion (id, idprofesor, idgrupo, idintervalo, idmateria, aula) values (24, 90, 11, 2, 2, '82R');
insert into sesion (id, idprofesor, idgrupo, idintervalo, idmateria, aula) values (25, 140, 21, 4, 19, '75M');
insert into sesion (id, idprofesor, idgrupo, idintervalo, idmateria, aula) values (26, 12, 3, 5, 23, '06V');
insert into sesion (id, idprofesor, idgrupo, idintervalo, idmateria, aula) values (27, 139, 23, 5, 19, '03X');
insert into sesion (id, idprofesor, idgrupo, idintervalo, idmateria, aula) values (28, 106, 13, 1, 15, '64D');
insert into sesion (id, idprofesor, idgrupo, idintervalo, idmateria, aula) values (29, 123, 16, 5, 4, '80O');
insert into sesion (id, idprofesor, idgrupo, idintervalo, idmateria, aula) values (30, 57, 6, 1, 13, '49O');
insert into sesion (id, idprofesor, idgrupo, idintervalo, idmateria, aula) values (31, 60, 4, 1, 7, '87P');
insert into sesion (id, idprofesor, idgrupo, idintervalo, idmateria, aula) values (32, 97, 6, 1, 22, '94D');
insert into sesion (id, idprofesor, idgrupo, idintervalo, idmateria, aula) values (33, 131, 17, 5, 7, '36I');
insert into sesion (id, idprofesor, idgrupo, idintervalo, idmateria, aula) values (34, 131, 6, 6, 20, '21S');
insert into sesion (id, idprofesor, idgrupo, idintervalo, idmateria, aula) values (35, 1, 23, 7, 8, '64Z');
insert into sesion (id, idprofesor, idgrupo, idintervalo, idmateria, aula) values (36, 97, 15, 3, 16, '57G');
insert into sesion (id, idprofesor, idgrupo, idintervalo, idmateria, aula) values (37, 34, 20, 2, 6, '31T');
insert into sesion (id, idprofesor, idgrupo, idintervalo, idmateria, aula) values (38, 142, 8, 5, 10, '69Y');
insert into sesion (id, idprofesor, idgrupo, idintervalo, idmateria, aula) values (39, 129, 17, 2, 12, '67E');
insert into sesion (id, idprofesor, idgrupo, idintervalo, idmateria, aula) values (40, 87, 6, 4, 25, '26X');
insert into sesion (id, idprofesor, idgrupo, idintervalo, idmateria, aula) values (41, 68, 12, 7, 15, '29C');
insert into sesion (id, idprofesor, idgrupo, idintervalo, idmateria, aula) values (42, 100, 11, 5, 4, '12H');
insert into sesion (id, idprofesor, idgrupo, idintervalo, idmateria, aula) values (43, 141, 11, 6, 12, '99I');
insert into sesion (id, idprofesor, idgrupo, idintervalo, idmateria, aula) values (44, 26, 3, 4, 11, '50E');
insert into sesion (id, idprofesor, idgrupo, idintervalo, idmateria, aula) values (45, 42, 25, 5, 19, '88Q');
insert into sesion (id, idprofesor, idgrupo, idintervalo, idmateria, aula) values (46, 103, 23, 7, 22, '41R');
insert into sesion (id, idprofesor, idgrupo, idintervalo, idmateria, aula) values (47, 70, 14, 2, 2, '72U');
insert into sesion (id, idprofesor, idgrupo, idintervalo, idmateria, aula) values (48, 73, 2, 1, 5, '20P');
insert into sesion (id, idprofesor, idgrupo, idintervalo, idmateria, aula) values (49, 57, 14, 6, 10, '80J');
insert into sesion (id, idprofesor, idgrupo, idintervalo, idmateria, aula) values (50, 37, 20, 7, 7, '79R');
insert into sesion (id, idprofesor, idgrupo, idintervalo, idmateria, aula) values (51, 124, 4, 1, 7, '30J');
insert into sesion (id, idprofesor, idgrupo, idintervalo, idmateria, aula) values (52, 101, 22, 1, 15, '02T');
insert into sesion (id, idprofesor, idgrupo, idintervalo, idmateria, aula) values (53, 32, 15, 7, 1, '17Z');
insert into sesion (id, idprofesor, idgrupo, idintervalo, idmateria, aula) values (54, 134, 8, 6, 24, '99Q');
insert into sesion (id, idprofesor, idgrupo, idintervalo, idmateria, aula) values (55, 27, 16, 7, 16, '94I');
insert into sesion (id, idprofesor, idgrupo, idintervalo, idmateria, aula) values (56, 134, 9, 3, 20, '14G');
insert into sesion (id, idprofesor, idgrupo, idintervalo, idmateria, aula) values (57, 80, 19, 6, 11, '22O');
insert into sesion (id, idprofesor, idgrupo, idintervalo, idmateria, aula) values (58, 30, 10, 6, 21, '41U');
insert into sesion (id, idprofesor, idgrupo, idintervalo, idmateria, aula) values (59, 73, 22, 7, 12, '94C');
insert into sesion (id, idprofesor, idgrupo, idintervalo, idmateria, aula) values (60, 49, 22, 5, 13, '03A');
insert into sesion (id, idprofesor, idgrupo, idintervalo, idmateria, aula) values (61, 44, 22, 4, 15, '55K');
insert into sesion (id, idprofesor, idgrupo, idintervalo, idmateria, aula) values (62, 121, 7, 5, 25, '45Z');
insert into sesion (id, idprofesor, idgrupo, idintervalo, idmateria, aula) values (63, 87, 23, 6, 2, '85M');
insert into sesion (id, idprofesor, idgrupo, idintervalo, idmateria, aula) values (64, 87, 11, 2, 7, '06A');
insert into sesion (id, idprofesor, idgrupo, idintervalo, idmateria, aula) values (65, 20, 3, 3, 22, '74H');
insert into sesion (id, idprofesor, idgrupo, idintervalo, idmateria, aula) values (66, 59, 25, 3, 7, '99H');
insert into sesion (id, idprofesor, idgrupo, idintervalo, idmateria, aula) values (67, 118, 1, 7, 10, '06Z');
insert into sesion (id, idprofesor, idgrupo, idintervalo, idmateria, aula) values (68, 76, 7, 6, 8, '23T');
insert into sesion (id, idprofesor, idgrupo, idintervalo, idmateria, aula) values (69, 107, 3, 3, 10, '70F');
insert into sesion (id, idprofesor, idgrupo, idintervalo, idmateria, aula) values (70, 85, 19, 6, 22, '60V');
insert into sesion (id, idprofesor, idgrupo, idintervalo, idmateria, aula) values (71, 130, 21, 6, 18, '09V');
insert into sesion (id, idprofesor, idgrupo, idintervalo, idmateria, aula) values (72, 37, 1, 1, 5, '26L');
insert into sesion (id, idprofesor, idgrupo, idintervalo, idmateria, aula) values (73, 107, 12, 4, 8, '39T');
insert into sesion (id, idprofesor, idgrupo, idintervalo, idmateria, aula) values (74, 98, 12, 6, 9, '81B');
insert into sesion (id, idprofesor, idgrupo, idintervalo, idmateria, aula) values (75, 27, 4, 5, 23, '80V');
insert into sesion (id, idprofesor, idgrupo, idintervalo, idmateria, aula) values (76, 65, 21, 7, 14, '88Y');
insert into sesion (id, idprofesor, idgrupo, idintervalo, idmateria, aula) values (77, 119, 12, 1, 4, '18G');
insert into sesion (id, idprofesor, idgrupo, idintervalo, idmateria, aula) values (78, 98, 22, 5, 17, '45I');
insert into sesion (id, idprofesor, idgrupo, idintervalo, idmateria, aula) values (79, 68, 14, 2, 8, '66U');
insert into sesion (id, idprofesor, idgrupo, idintervalo, idmateria, aula) values (80, 35, 22, 6, 10, '92D');
insert into sesion (id, idprofesor, idgrupo, idintervalo, idmateria, aula) values (81, 46, 25, 1, 3, '16Q');
insert into sesion (id, idprofesor, idgrupo, idintervalo, idmateria, aula) values (82, 111, 25, 5, 8, '30Q');
insert into sesion (id, idprofesor, idgrupo, idintervalo, idmateria, aula) values (83, 57, 14, 5, 21, '36O');
insert into sesion (id, idprofesor, idgrupo, idintervalo, idmateria, aula) values (84, 42, 6, 2, 12, '57G');
insert into sesion (id, idprofesor, idgrupo, idintervalo, idmateria, aula) values (85, 122, 8, 3, 21, '27Q');
insert into sesion (id, idprofesor, idgrupo, idintervalo, idmateria, aula) values (86, 110, 23, 4, 21, '74Q');
insert into sesion (id, idprofesor, idgrupo, idintervalo, idmateria, aula) values (87, 38, 1, 2, 8, '50Q');
insert into sesion (id, idprofesor, idgrupo, idintervalo, idmateria, aula) values (88, 145, 8, 1, 23, '12C');
insert into sesion (id, idprofesor, idgrupo, idintervalo, idmateria, aula) values (89, 16, 21, 4, 21, '09Q');
insert into sesion (id, idprofesor, idgrupo, idintervalo, idmateria, aula) values (90, 44, 17, 3, 23, '03I');
insert into sesion (id, idprofesor, idgrupo, idintervalo, idmateria, aula) values (91, 39, 7, 4, 9, '17C');
insert into sesion (id, idprofesor, idgrupo, idintervalo, idmateria, aula) values (92, 113, 11, 7, 9, '79T');
insert into sesion (id, idprofesor, idgrupo, idintervalo, idmateria, aula) values (93, 148, 17, 2, 20, '84N');
insert into sesion (id, idprofesor, idgrupo, idintervalo, idmateria, aula) values (94, 22, 6, 1, 22, '33D');
insert into sesion (id, idprofesor, idgrupo, idintervalo, idmateria, aula) values (95, 118, 10, 6, 18, '32E');
insert into sesion (id, idprofesor, idgrupo, idintervalo, idmateria, aula) values (96, 7, 7, 3, 20, '30P');
insert into sesion (id, idprofesor, idgrupo, idintervalo, idmateria, aula) values (97, 13, 14, 4, 2, '84E');
insert into sesion (id, idprofesor, idgrupo, idintervalo, idmateria, aula) values (98, 62, 1, 5, 11, '89Q');
insert into sesion (id, idprofesor, idgrupo, idintervalo, idmateria, aula) values (99, 147, 5, 4, 11, '48L');
insert into sesion (id, idprofesor, idgrupo, idintervalo, idmateria, aula) values (100, 37, 19, 7, 25, '27G');
insert into sesion (id, idprofesor, idgrupo, idintervalo, idmateria, aula) values (101, 102, 25, 2, 2, '27A');
insert into sesion (id, idprofesor, idgrupo, idintervalo, idmateria, aula) values (102, 24, 25, 1, 20, '02P');
insert into sesion (id, idprofesor, idgrupo, idintervalo, idmateria, aula) values (103, 117, 22, 1, 19, '84U');
insert into sesion (id, idprofesor, idgrupo, idintervalo, idmateria, aula) values (104, 46, 5, 5, 9, '52I');
insert into sesion (id, idprofesor, idgrupo, idintervalo, idmateria, aula) values (105, 128, 6, 7, 14, '71R');
insert into sesion (id, idprofesor, idgrupo, idintervalo, idmateria, aula) values (106, 29, 9, 4, 3, '20C');
insert into sesion (id, idprofesor, idgrupo, idintervalo, idmateria, aula) values (107, 130, 21, 2, 3, '61L');
insert into sesion (id, idprofesor, idgrupo, idintervalo, idmateria, aula) values (108, 16, 14, 2, 10, '41R');
insert into sesion (id, idprofesor, idgrupo, idintervalo, idmateria, aula) values (109, 92, 20, 2, 21, '47C');
insert into sesion (id, idprofesor, idgrupo, idintervalo, idmateria, aula) values (110, 26, 11, 5, 13, '72B');
insert into sesion (id, idprofesor, idgrupo, idintervalo, idmateria, aula) values (111, 34, 5, 5, 24, '00A');
insert into sesion (id, idprofesor, idgrupo, idintervalo, idmateria, aula) values (112, 87, 8, 4, 15, '93J');
insert into sesion (id, idprofesor, idgrupo, idintervalo, idmateria, aula) values (113, 13, 4, 7, 19, '93B');
insert into sesion (id, idprofesor, idgrupo, idintervalo, idmateria, aula) values (114, 117, 24, 2, 19, '15S');
insert into sesion (id, idprofesor, idgrupo, idintervalo, idmateria, aula) values (115, 73, 20, 6, 7, '22C');
insert into sesion (id, idprofesor, idgrupo, idintervalo, idmateria, aula) values (116, 102, 1, 5, 18, '89P');
insert into sesion (id, idprofesor, idgrupo, idintervalo, idmateria, aula) values (117, 12, 20, 1, 10, '74R');
insert into sesion (id, idprofesor, idgrupo, idintervalo, idmateria, aula) values (118, 88, 17, 3, 19, '38K');
insert into sesion (id, idprofesor, idgrupo, idintervalo, idmateria, aula) values (119, 107, 14, 2, 14, '37R');
insert into sesion (id, idprofesor, idgrupo, idintervalo, idmateria, aula) values (120, 43, 6, 7, 18, '09S');
insert into sesion (id, idprofesor, idgrupo, idintervalo, idmateria, aula) values (121, 113, 15, 1, 1, '12H');
insert into sesion (id, idprofesor, idgrupo, idintervalo, idmateria, aula) values (122, 22, 23, 4, 21, '15P');
insert into sesion (id, idprofesor, idgrupo, idintervalo, idmateria, aula) values (123, 91, 9, 1, 4, '14N');
insert into sesion (id, idprofesor, idgrupo, idintervalo, idmateria, aula) values (124, 114, 5, 6, 21, '25S');
insert into sesion (id, idprofesor, idgrupo, idintervalo, idmateria, aula) values (125, 15, 8, 5, 24, '03O');
insert into sesion (id, idprofesor, idgrupo, idintervalo, idmateria, aula) values (126, 56, 19, 1, 10, '69I');
insert into sesion (id, idprofesor, idgrupo, idintervalo, idmateria, aula) values (127, 83, 8, 4, 3, '92O');
insert into sesion (id, idprofesor, idgrupo, idintervalo, idmateria, aula) values (128, 10, 9, 7, 21, '42K');
insert into sesion (id, idprofesor, idgrupo, idintervalo, idmateria, aula) values (129, 43, 21, 1, 18, '15V');
insert into sesion (id, idprofesor, idgrupo, idintervalo, idmateria, aula) values (130, 146, 20, 2, 3, '02F');
insert into sesion (id, idprofesor, idgrupo, idintervalo, idmateria, aula) values (131, 80, 5, 2, 23, '55X');
insert into sesion (id, idprofesor, idgrupo, idintervalo, idmateria, aula) values (132, 22, 14, 5, 12, '28H');
insert into sesion (id, idprofesor, idgrupo, idintervalo, idmateria, aula) values (133, 61, 1, 6, 8, '89F');
insert into sesion (id, idprofesor, idgrupo, idintervalo, idmateria, aula) values (134, 14, 18, 6, 23, '30K');
insert into sesion (id, idprofesor, idgrupo, idintervalo, idmateria, aula) values (135, 116, 10, 2, 15, '58D');
insert into sesion (id, idprofesor, idgrupo, idintervalo, idmateria, aula) values (136, 1, 14, 2, 2, '74B');
insert into sesion (id, idprofesor, idgrupo, idintervalo, idmateria, aula) values (137, 112, 25, 2, 18, '73M');
insert into sesion (id, idprofesor, idgrupo, idintervalo, idmateria, aula) values (138, 66, 10, 2, 4, '11Z');
insert into sesion (id, idprofesor, idgrupo, idintervalo, idmateria, aula) values (139, 11, 3, 5, 11, '39T');
insert into sesion (id, idprofesor, idgrupo, idintervalo, idmateria, aula) values (140, 31, 24, 1, 5, '64U');
insert into sesion (id, idprofesor, idgrupo, idintervalo, idmateria, aula) values (141, 135, 24, 2, 25, '00P');
insert into sesion (id, idprofesor, idgrupo, idintervalo, idmateria, aula) values (142, 143, 16, 4, 4, '30V');
insert into sesion (id, idprofesor, idgrupo, idintervalo, idmateria, aula) values (143, 55, 13, 2, 13, '87C');
insert into sesion (id, idprofesor, idgrupo, idintervalo, idmateria, aula) values (144, 112, 8, 4, 7, '25J');
insert into sesion (id, idprofesor, idgrupo, idintervalo, idmateria, aula) values (145, 11, 3, 7, 25, '05H');
insert into sesion (id, idprofesor, idgrupo, idintervalo, idmateria, aula) values (146, 38, 16, 2, 13, '41N');
insert into sesion (id, idprofesor, idgrupo, idintervalo, idmateria, aula) values (147, 106, 14, 1, 14, '91I');
insert into sesion (id, idprofesor, idgrupo, idintervalo, idmateria, aula) values (148, 16, 12, 5, 22, '99E');
insert into sesion (id, idprofesor, idgrupo, idintervalo, idmateria, aula) values (149, 57, 4, 7, 14, '76S');
insert into sesion (id, idprofesor, idgrupo, idintervalo, idmateria, aula) values (150, 98, 2, 5, 21, '89H');
insert into sesion (id, idprofesor, idgrupo, idintervalo, idmateria, aula) values (151, 19, 16, 3, 2, '44P');
insert into sesion (id, idprofesor, idgrupo, idintervalo, idmateria, aula) values (152, 36, 18, 5, 23, '26W');
insert into sesion (id, idprofesor, idgrupo, idintervalo, idmateria, aula) values (153, 47, 10, 6, 14, '51I');
insert into sesion (id, idprofesor, idgrupo, idintervalo, idmateria, aula) values (154, 67, 14, 1, 8, '63R');
insert into sesion (id, idprofesor, idgrupo, idintervalo, idmateria, aula) values (155, 7, 2, 5, 3, '74V');
insert into sesion (id, idprofesor, idgrupo, idintervalo, idmateria, aula) values (156, 111, 18, 1, 17, '95X');
insert into sesion (id, idprofesor, idgrupo, idintervalo, idmateria, aula) values (157, 61, 2, 1, 13, '66Y');
insert into sesion (id, idprofesor, idgrupo, idintervalo, idmateria, aula) values (158, 87, 21, 1, 11, '39S');
insert into sesion (id, idprofesor, idgrupo, idintervalo, idmateria, aula) values (159, 5, 4, 7, 25, '97D');
insert into sesion (id, idprofesor, idgrupo, idintervalo, idmateria, aula) values (160, 144, 6, 2, 1, '13J');
insert into sesion (id, idprofesor, idgrupo, idintervalo, idmateria, aula) values (161, 66, 23, 3, 4, '78P');
insert into sesion (id, idprofesor, idgrupo, idintervalo, idmateria, aula) values (162, 16, 2, 6, 7, '95C');
insert into sesion (id, idprofesor, idgrupo, idintervalo, idmateria, aula) values (163, 83, 1, 3, 25, '48G');
insert into sesion (id, idprofesor, idgrupo, idintervalo, idmateria, aula) values (164, 85, 23, 2, 14, '90D');
insert into sesion (id, idprofesor, idgrupo, idintervalo, idmateria, aula) values (165, 128, 4, 3, 19, '29N');
insert into sesion (id, idprofesor, idgrupo, idintervalo, idmateria, aula) values (166, 35, 14, 5, 11, '44S');
insert into sesion (id, idprofesor, idgrupo, idintervalo, idmateria, aula) values (167, 141, 3, 5, 18, '81F');
insert into sesion (id, idprofesor, idgrupo, idintervalo, idmateria, aula) values (168, 42, 15, 1, 25, '22O');
insert into sesion (id, idprofesor, idgrupo, idintervalo, idmateria, aula) values (169, 75, 24, 7, 18, '63X');
insert into sesion (id, idprofesor, idgrupo, idintervalo, idmateria, aula) values (170, 133, 6, 3, 22, '46D');
insert into sesion (id, idprofesor, idgrupo, idintervalo, idmateria, aula) values (171, 24, 1, 2, 1, '64H');
insert into sesion (id, idprofesor, idgrupo, idintervalo, idmateria, aula) values (172, 123, 13, 4, 20, '54P');
insert into sesion (id, idprofesor, idgrupo, idintervalo, idmateria, aula) values (173, 129, 23, 7, 7, '07E');
insert into sesion (id, idprofesor, idgrupo, idintervalo, idmateria, aula) values (174, 51, 9, 6, 24, '06P');
insert into sesion (id, idprofesor, idgrupo, idintervalo, idmateria, aula) values (175, 14, 5, 2, 11, '75N');
insert into sesion (id, idprofesor, idgrupo, idintervalo, idmateria, aula) values (176, 8, 15, 3, 1, '08E');
insert into sesion (id, idprofesor, idgrupo, idintervalo, idmateria, aula) values (177, 150, 12, 3, 6, '81C');
insert into sesion (id, idprofesor, idgrupo, idintervalo, idmateria, aula) values (178, 66, 8, 3, 12, '24Q');
insert into sesion (id, idprofesor, idgrupo, idintervalo, idmateria, aula) values (179, 107, 2, 4, 22, '66D');
insert into sesion (id, idprofesor, idgrupo, idintervalo, idmateria, aula) values (180, 69, 4, 2, 15, '50N');
insert into sesion (id, idprofesor, idgrupo, idintervalo, idmateria, aula) values (181, 115, 19, 6, 10, '35T');
insert into sesion (id, idprofesor, idgrupo, idintervalo, idmateria, aula) values (182, 91, 2, 3, 1, '68B');
insert into sesion (id, idprofesor, idgrupo, idintervalo, idmateria, aula) values (183, 132, 11, 3, 6, '57I');
insert into sesion (id, idprofesor, idgrupo, idintervalo, idmateria, aula) values (184, 87, 22, 7, 21, '70U');
insert into sesion (id, idprofesor, idgrupo, idintervalo, idmateria, aula) values (185, 81, 17, 5, 6, '02G');
insert into sesion (id, idprofesor, idgrupo, idintervalo, idmateria, aula) values (186, 19, 1, 3, 6, '05Q');
insert into sesion (id, idprofesor, idgrupo, idintervalo, idmateria, aula) values (187, 114, 18, 6, 6, '15K');
insert into sesion (id, idprofesor, idgrupo, idintervalo, idmateria, aula) values (188, 4, 8, 4, 21, '97M');
insert into sesion (id, idprofesor, idgrupo, idintervalo, idmateria, aula) values (189, 115, 17, 7, 4, '82T');
insert into sesion (id, idprofesor, idgrupo, idintervalo, idmateria, aula) values (190, 36, 9, 7, 22, '22Z');
insert into sesion (id, idprofesor, idgrupo, idintervalo, idmateria, aula) values (191, 146, 22, 7, 5, '99N');
insert into sesion (id, idprofesor, idgrupo, idintervalo, idmateria, aula) values (192, 72, 22, 4, 3, '32K');
insert into sesion (id, idprofesor, idgrupo, idintervalo, idmateria, aula) values (193, 144, 25, 6, 19, '33H');
insert into sesion (id, idprofesor, idgrupo, idintervalo, idmateria, aula) values (194, 92, 21, 6, 18, '49M');
insert into sesion (id, idprofesor, idgrupo, idintervalo, idmateria, aula) values (195, 102, 12, 3, 22, '10B');
insert into sesion (id, idprofesor, idgrupo, idintervalo, idmateria, aula) values (196, 149, 9, 3, 14, '56K');
insert into sesion (id, idprofesor, idgrupo, idintervalo, idmateria, aula) values (197, 17, 23, 3, 19, '08L');
insert into sesion (id, idprofesor, idgrupo, idintervalo, idmateria, aula) values (198, 101, 25, 7, 9, '54E');
insert into sesion (id, idprofesor, idgrupo, idintervalo, idmateria, aula) values (199, 115, 6, 1, 18, '87N');
insert into sesion (id, idprofesor, idgrupo, idintervalo, idmateria, aula) values (200, 78, 24, 6, 10, '27M');
insert into sesion (id, idprofesor, idgrupo, idintervalo, idmateria, aula) values (201, 63, 21, 3, 24, '04W');
insert into sesion (id, idprofesor, idgrupo, idintervalo, idmateria, aula) values (202, 90, 21, 1, 12, '85I');
insert into sesion (id, idprofesor, idgrupo, idintervalo, idmateria, aula) values (203, 43, 4, 5, 14, '91R');
insert into sesion (id, idprofesor, idgrupo, idintervalo, idmateria, aula) values (204, 41, 2, 1, 16, '74S');
insert into sesion (id, idprofesor, idgrupo, idintervalo, idmateria, aula) values (205, 83, 24, 5, 20, '01A');
insert into sesion (id, idprofesor, idgrupo, idintervalo, idmateria, aula) values (206, 129, 8, 1, 18, '48X');
insert into sesion (id, idprofesor, idgrupo, idintervalo, idmateria, aula) values (207, 125, 10, 2, 19, '05X');
insert into sesion (id, idprofesor, idgrupo, idintervalo, idmateria, aula) values (208, 76, 19, 7, 21, '42U');
insert into sesion (id, idprofesor, idgrupo, idintervalo, idmateria, aula) values (209, 50, 6, 2, 9, '88U');
insert into sesion (id, idprofesor, idgrupo, idintervalo, idmateria, aula) values (210, 20, 17, 2, 15, '30D');
insert into sesion (id, idprofesor, idgrupo, idintervalo, idmateria, aula) values (211, 120, 20, 4, 22, '85F');
insert into sesion (id, idprofesor, idgrupo, idintervalo, idmateria, aula) values (212, 37, 12, 2, 17, '18P');
insert into sesion (id, idprofesor, idgrupo, idintervalo, idmateria, aula) values (213, 7, 13, 3, 18, '23L');
insert into sesion (id, idprofesor, idgrupo, idintervalo, idmateria, aula) values (214, 1, 3, 1, 6, '34M');
insert into sesion (id, idprofesor, idgrupo, idintervalo, idmateria, aula) values (215, 146, 16, 2, 16, '10U');
insert into sesion (id, idprofesor, idgrupo, idintervalo, idmateria, aula) values (216, 120, 9, 5, 17, '05Q');
insert into sesion (id, idprofesor, idgrupo, idintervalo, idmateria, aula) values (217, 144, 16, 2, 20, '60Z');
insert into sesion (id, idprofesor, idgrupo, idintervalo, idmateria, aula) values (218, 141, 19, 4, 12, '36A');
insert into sesion (id, idprofesor, idgrupo, idintervalo, idmateria, aula) values (219, 4, 9, 1, 17, '92Q');
insert into sesion (id, idprofesor, idgrupo, idintervalo, idmateria, aula) values (220, 134, 14, 7, 12, '85N');
insert into sesion (id, idprofesor, idgrupo, idintervalo, idmateria, aula) values (221, 7, 14, 6, 5, '68G');
insert into sesion (id, idprofesor, idgrupo, idintervalo, idmateria, aula) values (222, 105, 17, 6, 14, '88Y');
insert into sesion (id, idprofesor, idgrupo, idintervalo, idmateria, aula) values (223, 14, 21, 3, 19, '08P');
insert into sesion (id, idprofesor, idgrupo, idintervalo, idmateria, aula) values (224, 82, 11, 4, 17, '34G');
insert into sesion (id, idprofesor, idgrupo, idintervalo, idmateria, aula) values (225, 43, 11, 7, 19, '14V');
insert into sesion (id, idprofesor, idgrupo, idintervalo, idmateria, aula) values (226, 51, 14, 1, 4, '88Y');
insert into sesion (id, idprofesor, idgrupo, idintervalo, idmateria, aula) values (227, 52, 13, 3, 13, '66Q');
insert into sesion (id, idprofesor, idgrupo, idintervalo, idmateria, aula) values (228, 132, 2, 1, 6, '56T');
insert into sesion (id, idprofesor, idgrupo, idintervalo, idmateria, aula) values (229, 22, 15, 3, 13, '22S');
insert into sesion (id, idprofesor, idgrupo, idintervalo, idmateria, aula) values (230, 20, 7, 7, 18, '44T');
insert into sesion (id, idprofesor, idgrupo, idintervalo, idmateria, aula) values (231, 58, 9, 7, 3, '52I');
insert into sesion (id, idprofesor, idgrupo, idintervalo, idmateria, aula) values (232, 123, 21, 4, 10, '14L');
insert into sesion (id, idprofesor, idgrupo, idintervalo, idmateria, aula) values (233, 74, 19, 3, 10, '00S');
insert into sesion (id, idprofesor, idgrupo, idintervalo, idmateria, aula) values (234, 27, 8, 5, 7, '76G');
insert into sesion (id, idprofesor, idgrupo, idintervalo, idmateria, aula) values (235, 47, 16, 2, 23, '91R');
insert into sesion (id, idprofesor, idgrupo, idintervalo, idmateria, aula) values (236, 52, 17, 7, 23, '98S');
insert into sesion (id, idprofesor, idgrupo, idintervalo, idmateria, aula) values (237, 102, 2, 3, 22, '97Y');
insert into sesion (id, idprofesor, idgrupo, idintervalo, idmateria, aula) values (238, 112, 3, 7, 14, '69A');
insert into sesion (id, idprofesor, idgrupo, idintervalo, idmateria, aula) values (239, 16, 14, 1, 12, '04V');
insert into sesion (id, idprofesor, idgrupo, idintervalo, idmateria, aula) values (240, 6, 14, 3, 11, '60E');
insert into sesion (id, idprofesor, idgrupo, idintervalo, idmateria, aula) values (241, 78, 23, 7, 6, '62V');
insert into sesion (id, idprofesor, idgrupo, idintervalo, idmateria, aula) values (242, 136, 4, 5, 4, '79J');
insert into sesion (id, idprofesor, idgrupo, idintervalo, idmateria, aula) values (243, 72, 20, 4, 11, '27R');
insert into sesion (id, idprofesor, idgrupo, idintervalo, idmateria, aula) values (244, 44, 11, 4, 16, '09J');
insert into sesion (id, idprofesor, idgrupo, idintervalo, idmateria, aula) values (245, 62, 7, 5, 4, '82Q');
insert into sesion (id, idprofesor, idgrupo, idintervalo, idmateria, aula) values (246, 39, 4, 3, 25, '96X');
insert into sesion (id, idprofesor, idgrupo, idintervalo, idmateria, aula) values (247, 24, 21, 6, 11, '38D');
insert into sesion (id, idprofesor, idgrupo, idintervalo, idmateria, aula) values (248, 60, 20, 7, 6, '08S');
insert into sesion (id, idprofesor, idgrupo, idintervalo, idmateria, aula) values (249, 105, 21, 2, 15, '33E');
insert into sesion (id, idprofesor, idgrupo, idintervalo, idmateria, aula) values (250, 109, 20, 7, 4, '11G');
insert into sesion (id, idprofesor, idgrupo, idintervalo, idmateria, aula) values (251, 68, 11, 2, 14, '87Q');
insert into sesion (id, idprofesor, idgrupo, idintervalo, idmateria, aula) values (252, 38, 5, 5, 21, '25F');
insert into sesion (id, idprofesor, idgrupo, idintervalo, idmateria, aula) values (253, 63, 21, 3, 23, '27H');
insert into sesion (id, idprofesor, idgrupo, idintervalo, idmateria, aula) values (254, 143, 15, 3, 18, '89C');
insert into sesion (id, idprofesor, idgrupo, idintervalo, idmateria, aula) values (255, 21, 18, 4, 22, '39G');
insert into sesion (id, idprofesor, idgrupo, idintervalo, idmateria, aula) values (256, 73, 7, 5, 4, '66Y');
insert into sesion (id, idprofesor, idgrupo, idintervalo, idmateria, aula) values (257, 82, 14, 5, 24, '87C');
insert into sesion (id, idprofesor, idgrupo, idintervalo, idmateria, aula) values (258, 32, 2, 1, 11, '37G');
insert into sesion (id, idprofesor, idgrupo, idintervalo, idmateria, aula) values (259, 149, 5, 5, 19, '67E');
insert into sesion (id, idprofesor, idgrupo, idintervalo, idmateria, aula) values (260, 105, 24, 2, 10, '46V');
insert into sesion (id, idprofesor, idgrupo, idintervalo, idmateria, aula) values (261, 14, 18, 7, 17, '76H');
insert into sesion (id, idprofesor, idgrupo, idintervalo, idmateria, aula) values (262, 18, 4, 4, 9, '67M');
insert into sesion (id, idprofesor, idgrupo, idintervalo, idmateria, aula) values (263, 135, 2, 3, 3, '07G');
insert into sesion (id, idprofesor, idgrupo, idintervalo, idmateria, aula) values (264, 30, 11, 7, 22, '24X');
insert into sesion (id, idprofesor, idgrupo, idintervalo, idmateria, aula) values (265, 117, 17, 6, 8, '30Y');
insert into sesion (id, idprofesor, idgrupo, idintervalo, idmateria, aula) values (266, 148, 22, 5, 15, '59T');
insert into sesion (id, idprofesor, idgrupo, idintervalo, idmateria, aula) values (267, 94, 11, 5, 14, '55F');
insert into sesion (id, idprofesor, idgrupo, idintervalo, idmateria, aula) values (268, 123, 20, 1, 17, '01A');
insert into sesion (id, idprofesor, idgrupo, idintervalo, idmateria, aula) values (269, 48, 25, 7, 13, '51C');
insert into sesion (id, idprofesor, idgrupo, idintervalo, idmateria, aula) values (270, 42, 23, 3, 3, '79E');
insert into sesion (id, idprofesor, idgrupo, idintervalo, idmateria, aula) values (271, 81, 1, 6, 12, '38L');
insert into sesion (id, idprofesor, idgrupo, idintervalo, idmateria, aula) values (272, 141, 14, 2, 14, '05G');
insert into sesion (id, idprofesor, idgrupo, idintervalo, idmateria, aula) values (273, 19, 20, 1, 13, '63X');
insert into sesion (id, idprofesor, idgrupo, idintervalo, idmateria, aula) values (274, 66, 20, 3, 17, '57S');
insert into sesion (id, idprofesor, idgrupo, idintervalo, idmateria, aula) values (275, 26, 15, 4, 6, '35E');
insert into sesion (id, idprofesor, idgrupo, idintervalo, idmateria, aula) values (276, 2, 20, 1, 7, '11D');
insert into sesion (id, idprofesor, idgrupo, idintervalo, idmateria, aula) values (277, 104, 7, 2, 8, '40V');
insert into sesion (id, idprofesor, idgrupo, idintervalo, idmateria, aula) values (278, 147, 2, 5, 2, '37T');
insert into sesion (id, idprofesor, idgrupo, idintervalo, idmateria, aula) values (279, 47, 23, 5, 15, '69Z');
insert into sesion (id, idprofesor, idgrupo, idintervalo, idmateria, aula) values (280, 138, 5, 2, 24, '15F');
insert into sesion (id, idprofesor, idgrupo, idintervalo, idmateria, aula) values (281, 79, 8, 5, 12, '91D');
insert into sesion (id, idprofesor, idgrupo, idintervalo, idmateria, aula) values (282, 145, 3, 6, 21, '31S');
insert into sesion (id, idprofesor, idgrupo, idintervalo, idmateria, aula) values (283, 31, 25, 1, 19, '01S');
insert into sesion (id, idprofesor, idgrupo, idintervalo, idmateria, aula) values (284, 35, 15, 7, 23, '17F');
insert into sesion (id, idprofesor, idgrupo, idintervalo, idmateria, aula) values (285, 70, 1, 3, 19, '99R');
insert into sesion (id, idprofesor, idgrupo, idintervalo, idmateria, aula) values (286, 81, 6, 1, 10, '40X');
insert into sesion (id, idprofesor, idgrupo, idintervalo, idmateria, aula) values (287, 122, 23, 7, 23, '11I');
insert into sesion (id, idprofesor, idgrupo, idintervalo, idmateria, aula) values (288, 19, 16, 5, 24, '50C');
insert into sesion (id, idprofesor, idgrupo, idintervalo, idmateria, aula) values (289, 16, 4, 5, 3, '36C');
insert into sesion (id, idprofesor, idgrupo, idintervalo, idmateria, aula) values (290, 124, 4, 7, 16, '63G');
insert into sesion (id, idprofesor, idgrupo, idintervalo, idmateria, aula) values (291, 127, 17, 7, 6, '86A');
insert into sesion (id, idprofesor, idgrupo, idintervalo, idmateria, aula) values (292, 19, 22, 6, 3, '20T');
insert into sesion (id, idprofesor, idgrupo, idintervalo, idmateria, aula) values (293, 97, 22, 2, 23, '59E');
insert into sesion (id, idprofesor, idgrupo, idintervalo, idmateria, aula) values (294, 94, 16, 4, 5, '65B');
insert into sesion (id, idprofesor, idgrupo, idintervalo, idmateria, aula) values (295, 83, 2, 4, 5, '15H');
insert into sesion (id, idprofesor, idgrupo, idintervalo, idmateria, aula) values (296, 105, 19, 2, 18, '14X');
insert into sesion (id, idprofesor, idgrupo, idintervalo, idmateria, aula) values (297, 113, 4, 2, 16, '33N');
insert into sesion (id, idprofesor, idgrupo, idintervalo, idmateria, aula) values (298, 96, 22, 6, 19, '20R');
insert into sesion (id, idprofesor, idgrupo, idintervalo, idmateria, aula) values (299, 89, 11, 1, 25, '07P');
insert into sesion (id, idprofesor, idgrupo, idintervalo, idmateria, aula) values (300, 103, 21, 4, 10, '85T');
insert into sesion (id, idprofesor, idgrupo, idintervalo, idmateria, aula) values (301, 50, 24, 1, 9, '08K');
insert into sesion (id, idprofesor, idgrupo, idintervalo, idmateria, aula) values (302, 17, 2, 1, 12, '45U');
insert into sesion (id, idprofesor, idgrupo, idintervalo, idmateria, aula) values (303, 95, 12, 2, 3, '90C');
insert into sesion (id, idprofesor, idgrupo, idintervalo, idmateria, aula) values (304, 35, 5, 1, 11, '11A');
insert into sesion (id, idprofesor, idgrupo, idintervalo, idmateria, aula) values (305, 113, 3, 3, 17, '23B');
insert into sesion (id, idprofesor, idgrupo, idintervalo, idmateria, aula) values (306, 96, 11, 4, 6, '26I');
insert into sesion (id, idprofesor, idgrupo, idintervalo, idmateria, aula) values (307, 3, 3, 1, 6, '00I');
insert into sesion (id, idprofesor, idgrupo, idintervalo, idmateria, aula) values (308, 132, 15, 2, 17, '09W');
insert into sesion (id, idprofesor, idgrupo, idintervalo, idmateria, aula) values (309, 73, 5, 7, 11, '50J');
insert into sesion (id, idprofesor, idgrupo, idintervalo, idmateria, aula) values (310, 50, 9, 7, 14, '57H');
insert into sesion (id, idprofesor, idgrupo, idintervalo, idmateria, aula) values (311, 108, 5, 7, 5, '83S');
insert into sesion (id, idprofesor, idgrupo, idintervalo, idmateria, aula) values (312, 53, 11, 2, 24, '81V');
insert into sesion (id, idprofesor, idgrupo, idintervalo, idmateria, aula) values (313, 93, 15, 2, 25, '16F');
insert into sesion (id, idprofesor, idgrupo, idintervalo, idmateria, aula) values (314, 46, 5, 4, 15, '24M');
insert into sesion (id, idprofesor, idgrupo, idintervalo, idmateria, aula) values (315, 35, 7, 3, 12, '71I');
insert into sesion (id, idprofesor, idgrupo, idintervalo, idmateria, aula) values (316, 2, 9, 4, 11, '72H');
insert into sesion (id, idprofesor, idgrupo, idintervalo, idmateria, aula) values (317, 42, 12, 7, 11, '09B');
insert into sesion (id, idprofesor, idgrupo, idintervalo, idmateria, aula) values (318, 103, 17, 7, 13, '56A');
insert into sesion (id, idprofesor, idgrupo, idintervalo, idmateria, aula) values (319, 73, 22, 7, 12, '40E');
insert into sesion (id, idprofesor, idgrupo, idintervalo, idmateria, aula) values (320, 138, 13, 5, 1, '84L');
insert into sesion (id, idprofesor, idgrupo, idintervalo, idmateria, aula) values (321, 80, 15, 3, 3, '77B');
insert into sesion (id, idprofesor, idgrupo, idintervalo, idmateria, aula) values (322, 67, 7, 6, 21, '53C');
insert into sesion (id, idprofesor, idgrupo, idintervalo, idmateria, aula) values (323, 92, 15, 4, 8, '66C');
insert into sesion (id, idprofesor, idgrupo, idintervalo, idmateria, aula) values (324, 79, 21, 1, 8, '05T');
insert into sesion (id, idprofesor, idgrupo, idintervalo, idmateria, aula) values (325, 23, 9, 7, 20, '23W');
insert into sesion (id, idprofesor, idgrupo, idintervalo, idmateria, aula) values (326, 41, 22, 7, 17, '55G');
insert into sesion (id, idprofesor, idgrupo, idintervalo, idmateria, aula) values (327, 111, 14, 2, 11, '26H');
insert into sesion (id, idprofesor, idgrupo, idintervalo, idmateria, aula) values (328, 140, 14, 5, 16, '92D');
insert into sesion (id, idprofesor, idgrupo, idintervalo, idmateria, aula) values (329, 134, 25, 5, 23, '98I');
insert into sesion (id, idprofesor, idgrupo, idintervalo, idmateria, aula) values (330, 115, 23, 2, 7, '78A');
insert into sesion (id, idprofesor, idgrupo, idintervalo, idmateria, aula) values (331, 25, 16, 7, 3, '45S');
insert into sesion (id, idprofesor, idgrupo, idintervalo, idmateria, aula) values (332, 76, 20, 4, 8, '63Z');
insert into sesion (id, idprofesor, idgrupo, idintervalo, idmateria, aula) values (333, 136, 23, 6, 10, '00R');
insert into sesion (id, idprofesor, idgrupo, idintervalo, idmateria, aula) values (334, 19, 19, 7, 25, '44H');
insert into sesion (id, idprofesor, idgrupo, idintervalo, idmateria, aula) values (335, 51, 24, 7, 21, '45E');
insert into sesion (id, idprofesor, idgrupo, idintervalo, idmateria, aula) values (336, 134, 22, 2, 16, '20H');
insert into sesion (id, idprofesor, idgrupo, idintervalo, idmateria, aula) values (337, 109, 18, 5, 5, '44I');
insert into sesion (id, idprofesor, idgrupo, idintervalo, idmateria, aula) values (338, 39, 6, 6, 23, '05V');
insert into sesion (id, idprofesor, idgrupo, idintervalo, idmateria, aula) values (339, 32, 20, 6, 19, '08X');
insert into sesion (id, idprofesor, idgrupo, idintervalo, idmateria, aula) values (340, 136, 3, 3, 23, '81F');
insert into sesion (id, idprofesor, idgrupo, idintervalo, idmateria, aula) values (341, 90, 13, 4, 5, '41H');
insert into sesion (id, idprofesor, idgrupo, idintervalo, idmateria, aula) values (342, 72, 15, 5, 1, '39A');
insert into sesion (id, idprofesor, idgrupo, idintervalo, idmateria, aula) values (343, 48, 18, 1, 10, '88K');
insert into sesion (id, idprofesor, idgrupo, idintervalo, idmateria, aula) values (344, 98, 2, 5, 3, '33L');
insert into sesion (id, idprofesor, idgrupo, idintervalo, idmateria, aula) values (345, 72, 11, 4, 12, '79D');
insert into sesion (id, idprofesor, idgrupo, idintervalo, idmateria, aula) values (346, 97, 25, 5, 7, '31R');
insert into sesion (id, idprofesor, idgrupo, idintervalo, idmateria, aula) values (347, 29, 8, 1, 25, '75T');
insert into sesion (id, idprofesor, idgrupo, idintervalo, idmateria, aula) values (348, 128, 9, 2, 22, '83E');
insert into sesion (id, idprofesor, idgrupo, idintervalo, idmateria, aula) values (349, 51, 24, 3, 10, '75Q');
insert into sesion (id, idprofesor, idgrupo, idintervalo, idmateria, aula) values (350, 58, 23, 5, 3, '20O');
insert into sesion (id, idprofesor, idgrupo, idintervalo, idmateria, aula) values (351, 86, 16, 5, 6, '53P');
insert into sesion (id, idprofesor, idgrupo, idintervalo, idmateria, aula) values (352, 97, 2, 3, 10, '38A');
insert into sesion (id, idprofesor, idgrupo, idintervalo, idmateria, aula) values (353, 8, 12, 5, 15, '93D');
insert into sesion (id, idprofesor, idgrupo, idintervalo, idmateria, aula) values (354, 9, 12, 4, 3, '77R');
insert into sesion (id, idprofesor, idgrupo, idintervalo, idmateria, aula) values (355, 87, 1, 1, 10, '52O');
insert into sesion (id, idprofesor, idgrupo, idintervalo, idmateria, aula) values (356, 112, 17, 1, 6, '86O');
insert into sesion (id, idprofesor, idgrupo, idintervalo, idmateria, aula) values (357, 70, 10, 2, 23, '64B');
insert into sesion (id, idprofesor, idgrupo, idintervalo, idmateria, aula) values (358, 124, 13, 2, 20, '55J');
insert into sesion (id, idprofesor, idgrupo, idintervalo, idmateria, aula) values (359, 3, 14, 6, 5, '71S');
insert into sesion (id, idprofesor, idgrupo, idintervalo, idmateria, aula) values (360, 84, 23, 1, 17, '63L');
insert into sesion (id, idprofesor, idgrupo, idintervalo, idmateria, aula) values (361, 136, 24, 3, 2, '41V');
insert into sesion (id, idprofesor, idgrupo, idintervalo, idmateria, aula) values (362, 57, 10, 5, 15, '56R');
insert into sesion (id, idprofesor, idgrupo, idintervalo, idmateria, aula) values (363, 58, 7, 4, 23, '57V');
insert into sesion (id, idprofesor, idgrupo, idintervalo, idmateria, aula) values (364, 139, 7, 7, 20, '04U');
insert into sesion (id, idprofesor, idgrupo, idintervalo, idmateria, aula) values (365, 13, 1, 2, 11, '21I');
insert into sesion (id, idprofesor, idgrupo, idintervalo, idmateria, aula) values (366, 26, 8, 4, 1, '02B');
insert into sesion (id, idprofesor, idgrupo, idintervalo, idmateria, aula) values (367, 54, 20, 5, 2, '12U');
insert into sesion (id, idprofesor, idgrupo, idintervalo, idmateria, aula) values (368, 114, 5, 1, 12, '83K');
insert into sesion (id, idprofesor, idgrupo, idintervalo, idmateria, aula) values (369, 127, 25, 1, 5, '46G');
insert into sesion (id, idprofesor, idgrupo, idintervalo, idmateria, aula) values (370, 107, 16, 5, 5, '92U');
insert into sesion (id, idprofesor, idgrupo, idintervalo, idmateria, aula) values (371, 95, 1, 5, 22, '79B');
insert into sesion (id, idprofesor, idgrupo, idintervalo, idmateria, aula) values (372, 95, 19, 1, 8, '93T');
insert into sesion (id, idprofesor, idgrupo, idintervalo, idmateria, aula) values (373, 110, 11, 4, 15, '26L');
insert into sesion (id, idprofesor, idgrupo, idintervalo, idmateria, aula) values (374, 74, 21, 5, 20, '99P');
insert into sesion (id, idprofesor, idgrupo, idintervalo, idmateria, aula) values (375, 56, 21, 5, 18, '18B');
insert into sesion (id, idprofesor, idgrupo, idintervalo, idmateria, aula) values (376, 19, 10, 4, 22, '68Y');
insert into sesion (id, idprofesor, idgrupo, idintervalo, idmateria, aula) values (377, 140, 25, 3, 18, '50W');
insert into sesion (id, idprofesor, idgrupo, idintervalo, idmateria, aula) values (378, 16, 19, 1, 13, '91Z');
insert into sesion (id, idprofesor, idgrupo, idintervalo, idmateria, aula) values (379, 84, 22, 4, 23, '95A');
insert into sesion (id, idprofesor, idgrupo, idintervalo, idmateria, aula) values (380, 93, 14, 1, 25, '61O');
insert into sesion (id, idprofesor, idgrupo, idintervalo, idmateria, aula) values (381, 148, 8, 3, 18, '22T');
insert into sesion (id, idprofesor, idgrupo, idintervalo, idmateria, aula) values (382, 145, 3, 2, 19, '84R');
insert into sesion (id, idprofesor, idgrupo, idintervalo, idmateria, aula) values (383, 74, 20, 5, 4, '15H');
insert into sesion (id, idprofesor, idgrupo, idintervalo, idmateria, aula) values (384, 7, 19, 5, 18, '45C');
insert into sesion (id, idprofesor, idgrupo, idintervalo, idmateria, aula) values (385, 51, 2, 1, 19, '66E');
insert into sesion (id, idprofesor, idgrupo, idintervalo, idmateria, aula) values (386, 55, 6, 4, 7, '79F');
insert into sesion (id, idprofesor, idgrupo, idintervalo, idmateria, aula) values (387, 101, 2, 6, 24, '85B');
insert into sesion (id, idprofesor, idgrupo, idintervalo, idmateria, aula) values (388, 99, 21, 3, 3, '17I');
insert into sesion (id, idprofesor, idgrupo, idintervalo, idmateria, aula) values (389, 48, 13, 1, 9, '76Y');
insert into sesion (id, idprofesor, idgrupo, idintervalo, idmateria, aula) values (390, 62, 3, 5, 11, '87L');
insert into sesion (id, idprofesor, idgrupo, idintervalo, idmateria, aula) values (391, 36, 13, 6, 9, '99D');
insert into sesion (id, idprofesor, idgrupo, idintervalo, idmateria, aula) values (392, 120, 19, 4, 18, '79Q');
insert into sesion (id, idprofesor, idgrupo, idintervalo, idmateria, aula) values (393, 117, 5, 7, 11, '70B');
insert into sesion (id, idprofesor, idgrupo, idintervalo, idmateria, aula) values (394, 42, 9, 3, 10, '11W');
insert into sesion (id, idprofesor, idgrupo, idintervalo, idmateria, aula) values (395, 79, 20, 6, 23, '21U');
insert into sesion (id, idprofesor, idgrupo, idintervalo, idmateria, aula) values (396, 32, 13, 3, 25, '48V');
insert into sesion (id, idprofesor, idgrupo, idintervalo, idmateria, aula) values (397, 84, 11, 2, 8, '40D');
insert into sesion (id, idprofesor, idgrupo, idintervalo, idmateria, aula) values (398, 120, 21, 2, 13, '66T');
insert into sesion (id, idprofesor, idgrupo, idintervalo, idmateria, aula) values (399, 145, 8, 4, 23, '27C');
insert into sesion (id, idprofesor, idgrupo, idintervalo, idmateria, aula) values (400, 14, 1, 2, 20, '66P');
insert into sesion (id, idprofesor, idgrupo, idintervalo, idmateria, aula) values (401, 18, 1, 7, 21, '12N');
insert into sesion (id, idprofesor, idgrupo, idintervalo, idmateria, aula) values (402, 53, 24, 5, 24, '85N');
insert into sesion (id, idprofesor, idgrupo, idintervalo, idmateria, aula) values (403, 82, 5, 4, 14, '80F');
insert into sesion (id, idprofesor, idgrupo, idintervalo, idmateria, aula) values (404, 96, 19, 4, 5, '44O');
insert into sesion (id, idprofesor, idgrupo, idintervalo, idmateria, aula) values (405, 39, 9, 6, 15, '63Z');
insert into sesion (id, idprofesor, idgrupo, idintervalo, idmateria, aula) values (406, 136, 14, 6, 12, '83V');
insert into sesion (id, idprofesor, idgrupo, idintervalo, idmateria, aula) values (407, 16, 23, 5, 12, '67M');
insert into sesion (id, idprofesor, idgrupo, idintervalo, idmateria, aula) values (408, 80, 25, 6, 17, '21Y');
insert into sesion (id, idprofesor, idgrupo, idintervalo, idmateria, aula) values (409, 9, 24, 3, 17, '61H');
insert into sesion (id, idprofesor, idgrupo, idintervalo, idmateria, aula) values (410, 7, 12, 3, 13, '35L');
insert into sesion (id, idprofesor, idgrupo, idintervalo, idmateria, aula) values (411, 116, 6, 4, 25, '64N');
insert into sesion (id, idprofesor, idgrupo, idintervalo, idmateria, aula) values (412, 143, 17, 1, 19, '87I');
insert into sesion (id, idprofesor, idgrupo, idintervalo, idmateria, aula) values (413, 119, 18, 1, 12, '82G');
insert into sesion (id, idprofesor, idgrupo, idintervalo, idmateria, aula) values (414, 17, 20, 1, 23, '80X');
insert into sesion (id, idprofesor, idgrupo, idintervalo, idmateria, aula) values (415, 104, 17, 6, 1, '11G');
insert into sesion (id, idprofesor, idgrupo, idintervalo, idmateria, aula) values (416, 147, 23, 6, 1, '92V');
insert into sesion (id, idprofesor, idgrupo, idintervalo, idmateria, aula) values (417, 138, 17, 4, 13, '15H');
insert into sesion (id, idprofesor, idgrupo, idintervalo, idmateria, aula) values (418, 90, 17, 4, 21, '92D');
insert into sesion (id, idprofesor, idgrupo, idintervalo, idmateria, aula) values (419, 148, 4, 2, 22, '28K');
insert into sesion (id, idprofesor, idgrupo, idintervalo, idmateria, aula) values (420, 128, 11, 4, 25, '37K');
insert into sesion (id, idprofesor, idgrupo, idintervalo, idmateria, aula) values (421, 150, 4, 5, 11, '70M');
insert into sesion (id, idprofesor, idgrupo, idintervalo, idmateria, aula) values (422, 104, 13, 1, 5, '13I');
insert into sesion (id, idprofesor, idgrupo, idintervalo, idmateria, aula) values (423, 26, 11, 7, 22, '44Q');
insert into sesion (id, idprofesor, idgrupo, idintervalo, idmateria, aula) values (424, 126, 21, 3, 20, '23D');
insert into sesion (id, idprofesor, idgrupo, idintervalo, idmateria, aula) values (425, 68, 20, 7, 13, '39M');
insert into sesion (id, idprofesor, idgrupo, idintervalo, idmateria, aula) values (426, 55, 22, 5, 20, '51P');
insert into sesion (id, idprofesor, idgrupo, idintervalo, idmateria, aula) values (427, 82, 8, 3, 8, '85K');
insert into sesion (id, idprofesor, idgrupo, idintervalo, idmateria, aula) values (428, 150, 22, 7, 1, '29D');
insert into sesion (id, idprofesor, idgrupo, idintervalo, idmateria, aula) values (429, 47, 4, 4, 6, '82I');
insert into sesion (id, idprofesor, idgrupo, idintervalo, idmateria, aula) values (430, 91, 25, 6, 25, '03K');
insert into sesion (id, idprofesor, idgrupo, idintervalo, idmateria, aula) values (431, 57, 25, 3, 14, '69F');
insert into sesion (id, idprofesor, idgrupo, idintervalo, idmateria, aula) values (432, 63, 20, 5, 16, '77Z');
insert into sesion (id, idprofesor, idgrupo, idintervalo, idmateria, aula) values (433, 24, 23, 5, 25, '84Y');
insert into sesion (id, idprofesor, idgrupo, idintervalo, idmateria, aula) values (434, 147, 24, 5, 13, '93L');
insert into sesion (id, idprofesor, idgrupo, idintervalo, idmateria, aula) values (435, 42, 6, 5, 22, '65O');
insert into sesion (id, idprofesor, idgrupo, idintervalo, idmateria, aula) values (436, 24, 9, 3, 12, '65D');
insert into sesion (id, idprofesor, idgrupo, idintervalo, idmateria, aula) values (437, 106, 24, 4, 18, '72P');
insert into sesion (id, idprofesor, idgrupo, idintervalo, idmateria, aula) values (438, 87, 5, 4, 4, '30H');
insert into sesion (id, idprofesor, idgrupo, idintervalo, idmateria, aula) values (439, 25, 11, 2, 25, '16O');
insert into sesion (id, idprofesor, idgrupo, idintervalo, idmateria, aula) values (440, 17, 15, 2, 3, '85V');
insert into sesion (id, idprofesor, idgrupo, idintervalo, idmateria, aula) values (441, 126, 24, 1, 12, '20N');
insert into sesion (id, idprofesor, idgrupo, idintervalo, idmateria, aula) values (442, 97, 15, 4, 13, '15U');
insert into sesion (id, idprofesor, idgrupo, idintervalo, idmateria, aula) values (443, 125, 11, 1, 9, '63U');
insert into sesion (id, idprofesor, idgrupo, idintervalo, idmateria, aula) values (444, 106, 12, 5, 8, '02L');
insert into sesion (id, idprofesor, idgrupo, idintervalo, idmateria, aula) values (445, 68, 24, 4, 20, '95O');
insert into sesion (id, idprofesor, idgrupo, idintervalo, idmateria, aula) values (446, 60, 12, 6, 19, '01I');
insert into sesion (id, idprofesor, idgrupo, idintervalo, idmateria, aula) values (447, 78, 4, 5, 9, '60J');
insert into sesion (id, idprofesor, idgrupo, idintervalo, idmateria, aula) values (448, 111, 25, 4, 14, '71E');
insert into sesion (id, idprofesor, idgrupo, idintervalo, idmateria, aula) values (449, 140, 14, 5, 3, '78Y');
insert into sesion (id, idprofesor, idgrupo, idintervalo, idmateria, aula) values (450, 79, 6, 7, 23, '92H');
insert into sesion (id, idprofesor, idgrupo, idintervalo, idmateria, aula) values (451, 55, 2, 7, 17, '99C');
insert into sesion (id, idprofesor, idgrupo, idintervalo, idmateria, aula) values (452, 43, 16, 6, 23, '22W');
insert into sesion (id, idprofesor, idgrupo, idintervalo, idmateria, aula) values (453, 86, 10, 2, 14, '42N');
insert into sesion (id, idprofesor, idgrupo, idintervalo, idmateria, aula) values (454, 1, 25, 1, 5, '40G');
insert into sesion (id, idprofesor, idgrupo, idintervalo, idmateria, aula) values (455, 115, 14, 6, 16, '97C');
insert into sesion (id, idprofesor, idgrupo, idintervalo, idmateria, aula) values (456, 84, 12, 4, 8, '77N');
insert into sesion (id, idprofesor, idgrupo, idintervalo, idmateria, aula) values (457, 107, 22, 6, 21, '17N');
insert into sesion (id, idprofesor, idgrupo, idintervalo, idmateria, aula) values (458, 39, 10, 4, 4, '58D');
insert into sesion (id, idprofesor, idgrupo, idintervalo, idmateria, aula) values (459, 105, 9, 7, 6, '78Z');
insert into sesion (id, idprofesor, idgrupo, idintervalo, idmateria, aula) values (460, 131, 25, 1, 9, '73J');
insert into sesion (id, idprofesor, idgrupo, idintervalo, idmateria, aula) values (461, 15, 13, 7, 6, '65O');
insert into sesion (id, idprofesor, idgrupo, idintervalo, idmateria, aula) values (462, 102, 2, 6, 1, '80G');
insert into sesion (id, idprofesor, idgrupo, idintervalo, idmateria, aula) values (463, 23, 6, 6, 19, '71S');
insert into sesion (id, idprofesor, idgrupo, idintervalo, idmateria, aula) values (464, 116, 14, 1, 17, '13H');
insert into sesion (id, idprofesor, idgrupo, idintervalo, idmateria, aula) values (465, 55, 19, 3, 11, '95W');
insert into sesion (id, idprofesor, idgrupo, idintervalo, idmateria, aula) values (466, 81, 14, 5, 21, '14O');
insert into sesion (id, idprofesor, idgrupo, idintervalo, idmateria, aula) values (467, 9, 2, 3, 7, '54U');
insert into sesion (id, idprofesor, idgrupo, idintervalo, idmateria, aula) values (468, 82, 8, 3, 13, '51F');
insert into sesion (id, idprofesor, idgrupo, idintervalo, idmateria, aula) values (469, 99, 15, 7, 4, '55T');
insert into sesion (id, idprofesor, idgrupo, idintervalo, idmateria, aula) values (470, 125, 4, 7, 17, '92W');
insert into sesion (id, idprofesor, idgrupo, idintervalo, idmateria, aula) values (471, 124, 16, 7, 10, '60Q');
insert into sesion (id, idprofesor, idgrupo, idintervalo, idmateria, aula) values (472, 145, 15, 5, 13, '71L');
insert into sesion (id, idprofesor, idgrupo, idintervalo, idmateria, aula) values (473, 19, 25, 6, 4, '52H');
insert into sesion (id, idprofesor, idgrupo, idintervalo, idmateria, aula) values (474, 53, 20, 1, 2, '56Z');
insert into sesion (id, idprofesor, idgrupo, idintervalo, idmateria, aula) values (475, 99, 24, 3, 21, '98W');
insert into sesion (id, idprofesor, idgrupo, idintervalo, idmateria, aula) values (476, 29, 4, 3, 6, '39H');
insert into sesion (id, idprofesor, idgrupo, idintervalo, idmateria, aula) values (477, 135, 3, 1, 5, '62X');
insert into sesion (id, idprofesor, idgrupo, idintervalo, idmateria, aula) values (478, 149, 22, 7, 9, '16C');
insert into sesion (id, idprofesor, idgrupo, idintervalo, idmateria, aula) values (479, 63, 24, 7, 20, '87U');
insert into sesion (id, idprofesor, idgrupo, idintervalo, idmateria, aula) values (480, 91, 15, 7, 16, '64P');
insert into sesion (id, idprofesor, idgrupo, idintervalo, idmateria, aula) values (481, 13, 22, 6, 4, '86Q');
insert into sesion (id, idprofesor, idgrupo, idintervalo, idmateria, aula) values (482, 43, 25, 2, 7, '66W');
insert into sesion (id, idprofesor, idgrupo, idintervalo, idmateria, aula) values (483, 134, 10, 5, 20, '59W');
insert into sesion (id, idprofesor, idgrupo, idintervalo, idmateria, aula) values (484, 62, 10, 4, 22, '55U');
insert into sesion (id, idprofesor, idgrupo, idintervalo, idmateria, aula) values (485, 64, 9, 5, 6, '49W');
insert into sesion (id, idprofesor, idgrupo, idintervalo, idmateria, aula) values (486, 146, 15, 7, 15, '30O');
insert into sesion (id, idprofesor, idgrupo, idintervalo, idmateria, aula) values (487, 50, 5, 5, 11, '26I');
insert into sesion (id, idprofesor, idgrupo, idintervalo, idmateria, aula) values (488, 97, 8, 6, 6, '77M');
insert into sesion (id, idprofesor, idgrupo, idintervalo, idmateria, aula) values (489, 102, 25, 2, 14, '20Y');
insert into sesion (id, idprofesor, idgrupo, idintervalo, idmateria, aula) values (490, 141, 25, 4, 19, '95R');
insert into sesion (id, idprofesor, idgrupo, idintervalo, idmateria, aula) values (491, 48, 17, 2, 9, '14X');
insert into sesion (id, idprofesor, idgrupo, idintervalo, idmateria, aula) values (492, 108, 1, 3, 5, '88M');
insert into sesion (id, idprofesor, idgrupo, idintervalo, idmateria, aula) values (493, 79, 2, 7, 20, '57Q');
insert into sesion (id, idprofesor, idgrupo, idintervalo, idmateria, aula) values (494, 103, 9, 1, 2, '07J');
insert into sesion (id, idprofesor, idgrupo, idintervalo, idmateria, aula) values (495, 131, 9, 5, 25, '67D');
insert into sesion (id, idprofesor, idgrupo, idintervalo, idmateria, aula) values (496, 107, 22, 5, 3, '30Q');
insert into sesion (id, idprofesor, idgrupo, idintervalo, idmateria, aula) values (497, 70, 22, 6, 7, '83G');
insert into sesion (id, idprofesor, idgrupo, idintervalo, idmateria, aula) values (498, 54, 21, 4, 22, '31X');
insert into sesion (id, idprofesor, idgrupo, idintervalo, idmateria, aula) values (499, 109, 2, 7, 10, '93T');
insert into sesion (id, idprofesor, idgrupo, idintervalo, idmateria, aula) values (500, 134, 11, 6, 20, '65H');
insert into sesion (id, idprofesor, idgrupo, idintervalo, idmateria, aula) values (501, 41, 1, 4, 15, '97T');
insert into sesion (id, idprofesor, idgrupo, idintervalo, idmateria, aula) values (502, 34, 13, 1, 17, '33N');
insert into sesion (id, idprofesor, idgrupo, idintervalo, idmateria, aula) values (503, 108, 20, 6, 10, '97D');
insert into sesion (id, idprofesor, idgrupo, idintervalo, idmateria, aula) values (504, 87, 18, 3, 5, '91M');
insert into sesion (id, idprofesor, idgrupo, idintervalo, idmateria, aula) values (505, 91, 7, 2, 10, '79K');
insert into sesion (id, idprofesor, idgrupo, idintervalo, idmateria, aula) values (506, 88, 21, 5, 9, '27V');
insert into sesion (id, idprofesor, idgrupo, idintervalo, idmateria, aula) values (507, 29, 20, 6, 23, '83W');
insert into sesion (id, idprofesor, idgrupo, idintervalo, idmateria, aula) values (508, 95, 7, 3, 9, '73S');
insert into sesion (id, idprofesor, idgrupo, idintervalo, idmateria, aula) values (509, 70, 13, 7, 11, '60Q');
insert into sesion (id, idprofesor, idgrupo, idintervalo, idmateria, aula) values (510, 137, 3, 5, 22, '25R');
insert into sesion (id, idprofesor, idgrupo, idintervalo, idmateria, aula) values (511, 138, 19, 5, 19, '33A');
insert into sesion (id, idprofesor, idgrupo, idintervalo, idmateria, aula) values (512, 98, 24, 1, 3, '78V');
insert into sesion (id, idprofesor, idgrupo, idintervalo, idmateria, aula) values (513, 30, 17, 2, 6, '37S');
insert into sesion (id, idprofesor, idgrupo, idintervalo, idmateria, aula) values (514, 142, 8, 4, 3, '61N');
insert into sesion (id, idprofesor, idgrupo, idintervalo, idmateria, aula) values (515, 123, 9, 3, 17, '49W');
insert into sesion (id, idprofesor, idgrupo, idintervalo, idmateria, aula) values (516, 118, 24, 6, 24, '89J');
insert into sesion (id, idprofesor, idgrupo, idintervalo, idmateria, aula) values (517, 93, 12, 7, 24, '21E');
insert into sesion (id, idprofesor, idgrupo, idintervalo, idmateria, aula) values (518, 46, 18, 5, 22, '72N');
insert into sesion (id, idprofesor, idgrupo, idintervalo, idmateria, aula) values (519, 107, 21, 2, 23, '97K');
insert into sesion (id, idprofesor, idgrupo, idintervalo, idmateria, aula) values (520, 85, 1, 6, 4, '97Z');
insert into sesion (id, idprofesor, idgrupo, idintervalo, idmateria, aula) values (521, 134, 16, 1, 22, '28F');
insert into sesion (id, idprofesor, idgrupo, idintervalo, idmateria, aula) values (522, 80, 11, 7, 21, '71H');
insert into sesion (id, idprofesor, idgrupo, idintervalo, idmateria, aula) values (523, 116, 8, 2, 4, '31C');
insert into sesion (id, idprofesor, idgrupo, idintervalo, idmateria, aula) values (524, 89, 22, 2, 20, '41B');
insert into sesion (id, idprofesor, idgrupo, idintervalo, idmateria, aula) values (525, 18, 4, 7, 22, '82E');
insert into sesion (id, idprofesor, idgrupo, idintervalo, idmateria, aula) values (526, 112, 6, 1, 24, '87S');
insert into sesion (id, idprofesor, idgrupo, idintervalo, idmateria, aula) values (527, 59, 2, 7, 17, '05X');
insert into sesion (id, idprofesor, idgrupo, idintervalo, idmateria, aula) values (528, 38, 11, 4, 8, '95A');
insert into sesion (id, idprofesor, idgrupo, idintervalo, idmateria, aula) values (529, 62, 1, 4, 6, '62T');
insert into sesion (id, idprofesor, idgrupo, idintervalo, idmateria, aula) values (530, 15, 2, 1, 2, '97T');
insert into sesion (id, idprofesor, idgrupo, idintervalo, idmateria, aula) values (531, 64, 21, 3, 19, '38U');
insert into sesion (id, idprofesor, idgrupo, idintervalo, idmateria, aula) values (532, 134, 13, 1, 24, '06L');
insert into sesion (id, idprofesor, idgrupo, idintervalo, idmateria, aula) values (533, 128, 3, 3, 13, '26C');
insert into sesion (id, idprofesor, idgrupo, idintervalo, idmateria, aula) values (534, 13, 8, 6, 3, '51V');
insert into sesion (id, idprofesor, idgrupo, idintervalo, idmateria, aula) values (535, 94, 24, 6, 14, '51S');
insert into sesion (id, idprofesor, idgrupo, idintervalo, idmateria, aula) values (536, 66, 9, 6, 15, '71L');
insert into sesion (id, idprofesor, idgrupo, idintervalo, idmateria, aula) values (537, 97, 21, 3, 19, '66C');
insert into sesion (id, idprofesor, idgrupo, idintervalo, idmateria, aula) values (538, 133, 12, 1, 12, '32U');
insert into sesion (id, idprofesor, idgrupo, idintervalo, idmateria, aula) values (539, 95, 4, 7, 18, '60E');
insert into sesion (id, idprofesor, idgrupo, idintervalo, idmateria, aula) values (540, 50, 11, 4, 8, '19O');
insert into sesion (id, idprofesor, idgrupo, idintervalo, idmateria, aula) values (541, 15, 2, 5, 20, '21M');
insert into sesion (id, idprofesor, idgrupo, idintervalo, idmateria, aula) values (542, 47, 14, 4, 3, '41C');
insert into sesion (id, idprofesor, idgrupo, idintervalo, idmateria, aula) values (543, 24, 18, 6, 4, '33G');
insert into sesion (id, idprofesor, idgrupo, idintervalo, idmateria, aula) values (544, 107, 5, 7, 11, '10K');
insert into sesion (id, idprofesor, idgrupo, idintervalo, idmateria, aula) values (545, 86, 3, 1, 21, '54G');
insert into sesion (id, idprofesor, idgrupo, idintervalo, idmateria, aula) values (546, 145, 3, 1, 24, '45A');
insert into sesion (id, idprofesor, idgrupo, idintervalo, idmateria, aula) values (547, 90, 20, 5, 5, '43F');
insert into sesion (id, idprofesor, idgrupo, idintervalo, idmateria, aula) values (548, 46, 1, 2, 21, '72M');
insert into sesion (id, idprofesor, idgrupo, idintervalo, idmateria, aula) values (549, 118, 19, 3, 1, '38H');
insert into sesion (id, idprofesor, idgrupo, idintervalo, idmateria, aula) values (550, 130, 13, 6, 19, '13W');
insert into sesion (id, idprofesor, idgrupo, idintervalo, idmateria, aula) values (551, 76, 14, 5, 21, '72A');
insert into sesion (id, idprofesor, idgrupo, idintervalo, idmateria, aula) values (552, 143, 20, 5, 15, '81D');
insert into sesion (id, idprofesor, idgrupo, idintervalo, idmateria, aula) values (553, 51, 2, 5, 3, '14G');
insert into sesion (id, idprofesor, idgrupo, idintervalo, idmateria, aula) values (554, 143, 17, 4, 1, '56D');
insert into sesion (id, idprofesor, idgrupo, idintervalo, idmateria, aula) values (555, 97, 13, 1, 20, '08D');
insert into sesion (id, idprofesor, idgrupo, idintervalo, idmateria, aula) values (556, 144, 8, 4, 1, '54F');
insert into sesion (id, idprofesor, idgrupo, idintervalo, idmateria, aula) values (557, 79, 7, 1, 25, '72B');
insert into sesion (id, idprofesor, idgrupo, idintervalo, idmateria, aula) values (558, 147, 21, 5, 9, '31V');
insert into sesion (id, idprofesor, idgrupo, idintervalo, idmateria, aula) values (559, 125, 22, 2, 20, '20O');
insert into sesion (id, idprofesor, idgrupo, idintervalo, idmateria, aula) values (560, 135, 17, 1, 24, '93Q');
insert into sesion (id, idprofesor, idgrupo, idintervalo, idmateria, aula) values (561, 51, 17, 4, 22, '02O');
insert into sesion (id, idprofesor, idgrupo, idintervalo, idmateria, aula) values (562, 147, 3, 1, 6, '46S');
insert into sesion (id, idprofesor, idgrupo, idintervalo, idmateria, aula) values (563, 9, 18, 3, 2, '90W');
insert into sesion (id, idprofesor, idgrupo, idintervalo, idmateria, aula) values (564, 68, 6, 2, 19, '33U');
insert into sesion (id, idprofesor, idgrupo, idintervalo, idmateria, aula) values (565, 77, 4, 5, 5, '09O');
insert into sesion (id, idprofesor, idgrupo, idintervalo, idmateria, aula) values (566, 14, 3, 2, 15, '41B');
insert into sesion (id, idprofesor, idgrupo, idintervalo, idmateria, aula) values (567, 83, 3, 1, 20, '86I');
insert into sesion (id, idprofesor, idgrupo, idintervalo, idmateria, aula) values (568, 98, 25, 1, 11, '18D');
insert into sesion (id, idprofesor, idgrupo, idintervalo, idmateria, aula) values (569, 63, 16, 1, 21, '94V');
insert into sesion (id, idprofesor, idgrupo, idintervalo, idmateria, aula) values (570, 48, 25, 4, 2, '13P');
insert into sesion (id, idprofesor, idgrupo, idintervalo, idmateria, aula) values (571, 9, 14, 4, 15, '11F');
insert into sesion (id, idprofesor, idgrupo, idintervalo, idmateria, aula) values (572, 101, 19, 5, 23, '13O');
insert into sesion (id, idprofesor, idgrupo, idintervalo, idmateria, aula) values (573, 84, 4, 4, 14, '44G');
insert into sesion (id, idprofesor, idgrupo, idintervalo, idmateria, aula) values (574, 131, 12, 5, 8, '06C');
insert into sesion (id, idprofesor, idgrupo, idintervalo, idmateria, aula) values (575, 28, 4, 4, 20, '90I');
insert into sesion (id, idprofesor, idgrupo, idintervalo, idmateria, aula) values (576, 108, 21, 4, 5, '86A');
insert into sesion (id, idprofesor, idgrupo, idintervalo, idmateria, aula) values (577, 6, 7, 1, 13, '86W');
insert into sesion (id, idprofesor, idgrupo, idintervalo, idmateria, aula) values (578, 77, 1, 6, 23, '14J');
insert into sesion (id, idprofesor, idgrupo, idintervalo, idmateria, aula) values (579, 50, 11, 7, 25, '08C');
insert into sesion (id, idprofesor, idgrupo, idintervalo, idmateria, aula) values (580, 70, 9, 6, 16, '52G');
insert into sesion (id, idprofesor, idgrupo, idintervalo, idmateria, aula) values (581, 75, 5, 2, 21, '82U');
insert into sesion (id, idprofesor, idgrupo, idintervalo, idmateria, aula) values (582, 42, 20, 4, 22, '89S');
insert into sesion (id, idprofesor, idgrupo, idintervalo, idmateria, aula) values (583, 107, 23, 3, 1, '29X');
insert into sesion (id, idprofesor, idgrupo, idintervalo, idmateria, aula) values (584, 114, 14, 1, 23, '11N');
insert into sesion (id, idprofesor, idgrupo, idintervalo, idmateria, aula) values (585, 123, 17, 6, 15, '82X');
insert into sesion (id, idprofesor, idgrupo, idintervalo, idmateria, aula) values (586, 134, 25, 5, 9, '59G');
insert into sesion (id, idprofesor, idgrupo, idintervalo, idmateria, aula) values (587, 15, 14, 2, 20, '93X');
insert into sesion (id, idprofesor, idgrupo, idintervalo, idmateria, aula) values (588, 113, 9, 5, 10, '73Z');
insert into sesion (id, idprofesor, idgrupo, idintervalo, idmateria, aula) values (589, 92, 10, 4, 9, '19Y');
insert into sesion (id, idprofesor, idgrupo, idintervalo, idmateria, aula) values (590, 4, 9, 5, 10, '25V');
insert into sesion (id, idprofesor, idgrupo, idintervalo, idmateria, aula) values (591, 108, 21, 1, 4, '59W');
insert into sesion (id, idprofesor, idgrupo, idintervalo, idmateria, aula) values (592, 78, 21, 2, 2, '95X');
insert into sesion (id, idprofesor, idgrupo, idintervalo, idmateria, aula) values (593, 133, 1, 7, 1, '79U');
insert into sesion (id, idprofesor, idgrupo, idintervalo, idmateria, aula) values (594, 49, 7, 3, 21, '76A');
insert into sesion (id, idprofesor, idgrupo, idintervalo, idmateria, aula) values (595, 116, 22, 4, 5, '87A');
insert into sesion (id, idprofesor, idgrupo, idintervalo, idmateria, aula) values (596, 118, 6, 4, 18, '21X');
insert into sesion (id, idprofesor, idgrupo, idintervalo, idmateria, aula) values (597, 34, 7, 7, 12, '40B');
insert into sesion (id, idprofesor, idgrupo, idintervalo, idmateria, aula) values (598, 123, 24, 7, 10, '41I');
insert into sesion (id, idprofesor, idgrupo, idintervalo, idmateria, aula) values (599, 49, 8, 3, 19, '64K');
insert into sesion (id, idprofesor, idgrupo, idintervalo, idmateria, aula) values (600, 19, 4, 4, 13, '40Z');
insert into sesion (id, idprofesor, idgrupo, idintervalo, idmateria, aula) values (601, 211, 49, 8, 16, '09N');
insert into sesion (id, idprofesor, idgrupo, idintervalo, idmateria, aula) values (602, 245, 34, 11, 12, '65L');
insert into sesion (id, idprofesor, idgrupo, idintervalo, idmateria, aula) values (603, 293, 36, 14, 8, '85C');
insert into sesion (id, idprofesor, idgrupo, idintervalo, idmateria, aula) values (604, 159, 35, 11, 25, '43W');
insert into sesion (id, idprofesor, idgrupo, idintervalo, idmateria, aula) values (605, 158, 47, 13, 12, '64D');
insert into sesion (id, idprofesor, idgrupo, idintervalo, idmateria, aula) values (606, 236, 28, 13, 25, '20F');
insert into sesion (id, idprofesor, idgrupo, idintervalo, idmateria, aula) values (607, 185, 38, 10, 15, '56T');
insert into sesion (id, idprofesor, idgrupo, idintervalo, idmateria, aula) values (608, 152, 42, 11, 7, '28L');
insert into sesion (id, idprofesor, idgrupo, idintervalo, idmateria, aula) values (609, 198, 45, 9, 17, '00M');
insert into sesion (id, idprofesor, idgrupo, idintervalo, idmateria, aula) values (610, 160, 45, 9, 18, '86Y');
insert into sesion (id, idprofesor, idgrupo, idintervalo, idmateria, aula) values (611, 157, 49, 10, 8, '61C');
insert into sesion (id, idprofesor, idgrupo, idintervalo, idmateria, aula) values (612, 259, 36, 13, 15, '50A');
insert into sesion (id, idprofesor, idgrupo, idintervalo, idmateria, aula) values (613, 291, 27, 11, 2, '94Y');
insert into sesion (id, idprofesor, idgrupo, idintervalo, idmateria, aula) values (614, 157, 46, 13, 18, '87A');
insert into sesion (id, idprofesor, idgrupo, idintervalo, idmateria, aula) values (615, 251, 50, 14, 11, '76W');
insert into sesion (id, idprofesor, idgrupo, idintervalo, idmateria, aula) values (616, 185, 40, 14, 14, '49U');
insert into sesion (id, idprofesor, idgrupo, idintervalo, idmateria, aula) values (617, 204, 34, 10, 15, '51C');
insert into sesion (id, idprofesor, idgrupo, idintervalo, idmateria, aula) values (618, 244, 38, 10, 21, '55F');
insert into sesion (id, idprofesor, idgrupo, idintervalo, idmateria, aula) values (619, 277, 35, 14, 18, '64J');
insert into sesion (id, idprofesor, idgrupo, idintervalo, idmateria, aula) values (620, 164, 47, 11, 23, '81L');
insert into sesion (id, idprofesor, idgrupo, idintervalo, idmateria, aula) values (621, 158, 42, 13, 5, '57H');
insert into sesion (id, idprofesor, idgrupo, idintervalo, idmateria, aula) values (622, 272, 38, 14, 14, '43W');
insert into sesion (id, idprofesor, idgrupo, idintervalo, idmateria, aula) values (623, 180, 43, 8, 13, '87V');
insert into sesion (id, idprofesor, idgrupo, idintervalo, idmateria, aula) values (624, 201, 48, 8, 22, '29N');
insert into sesion (id, idprofesor, idgrupo, idintervalo, idmateria, aula) values (625, 287, 46, 14, 7, '33K');
insert into sesion (id, idprofesor, idgrupo, idintervalo, idmateria, aula) values (626, 296, 29, 12, 18, '30V');
insert into sesion (id, idprofesor, idgrupo, idintervalo, idmateria, aula) values (627, 155, 27, 10, 1, '65S');
insert into sesion (id, idprofesor, idgrupo, idintervalo, idmateria, aula) values (628, 212, 48, 11, 5, '68D');
insert into sesion (id, idprofesor, idgrupo, idintervalo, idmateria, aula) values (629, 189, 37, 9, 19, '88J');
insert into sesion (id, idprofesor, idgrupo, idintervalo, idmateria, aula) values (630, 186, 50, 11, 25, '34Y');
insert into sesion (id, idprofesor, idgrupo, idintervalo, idmateria, aula) values (631, 271, 35, 14, 22, '90M');
insert into sesion (id, idprofesor, idgrupo, idintervalo, idmateria, aula) values (632, 188, 38, 8, 23, '25J');
insert into sesion (id, idprofesor, idgrupo, idintervalo, idmateria, aula) values (633, 270, 48, 14, 18, '31T');
insert into sesion (id, idprofesor, idgrupo, idintervalo, idmateria, aula) values (634, 295, 37, 13, 7, '76A');
insert into sesion (id, idprofesor, idgrupo, idintervalo, idmateria, aula) values (635, 292, 33, 14, 13, '90N');
insert into sesion (id, idprofesor, idgrupo, idintervalo, idmateria, aula) values (636, 203, 30, 13, 20, '99Z');
insert into sesion (id, idprofesor, idgrupo, idintervalo, idmateria, aula) values (637, 277, 34, 8, 21, '14Q');
insert into sesion (id, idprofesor, idgrupo, idintervalo, idmateria, aula) values (638, 267, 38, 13, 14, '89M');
insert into sesion (id, idprofesor, idgrupo, idintervalo, idmateria, aula) values (639, 182, 47, 13, 18, '22N');
insert into sesion (id, idprofesor, idgrupo, idintervalo, idmateria, aula) values (640, 279, 29, 14, 7, '63A');
insert into sesion (id, idprofesor, idgrupo, idintervalo, idmateria, aula) values (641, 223, 31, 8, 14, '83U');
insert into sesion (id, idprofesor, idgrupo, idintervalo, idmateria, aula) values (642, 193, 47, 13, 16, '37Z');
insert into sesion (id, idprofesor, idgrupo, idintervalo, idmateria, aula) values (643, 226, 28, 9, 12, '67I');
insert into sesion (id, idprofesor, idgrupo, idintervalo, idmateria, aula) values (644, 249, 33, 13, 5, '09A');
insert into sesion (id, idprofesor, idgrupo, idintervalo, idmateria, aula) values (645, 251, 47, 10, 21, '51O');
insert into sesion (id, idprofesor, idgrupo, idintervalo, idmateria, aula) values (646, 163, 33, 14, 10, '09L');
insert into sesion (id, idprofesor, idgrupo, idintervalo, idmateria, aula) values (647, 297, 44, 10, 7, '74Q');
insert into sesion (id, idprofesor, idgrupo, idintervalo, idmateria, aula) values (648, 253, 49, 14, 14, '46S');
insert into sesion (id, idprofesor, idgrupo, idintervalo, idmateria, aula) values (649, 153, 48, 14, 15, '09U');
insert into sesion (id, idprofesor, idgrupo, idintervalo, idmateria, aula) values (650, 284, 26, 8, 3, '59O');
insert into sesion (id, idprofesor, idgrupo, idintervalo, idmateria, aula) values (651, 192, 37, 14, 2, '06U');
insert into sesion (id, idprofesor, idgrupo, idintervalo, idmateria, aula) values (652, 217, 29, 14, 12, '53L');
insert into sesion (id, idprofesor, idgrupo, idintervalo, idmateria, aula) values (653, 264, 48, 11, 1, '41P');
insert into sesion (id, idprofesor, idgrupo, idintervalo, idmateria, aula) values (654, 260, 29, 10, 6, '93Q');
insert into sesion (id, idprofesor, idgrupo, idintervalo, idmateria, aula) values (655, 296, 50, 8, 8, '86P');
insert into sesion (id, idprofesor, idgrupo, idintervalo, idmateria, aula) values (656, 213, 36, 13, 7, '44H');
insert into sesion (id, idprofesor, idgrupo, idintervalo, idmateria, aula) values (657, 239, 38, 11, 18, '83N');
insert into sesion (id, idprofesor, idgrupo, idintervalo, idmateria, aula) values (658, 235, 31, 13, 13, '62S');
insert into sesion (id, idprofesor, idgrupo, idintervalo, idmateria, aula) values (659, 258, 46, 8, 13, '51D');
insert into sesion (id, idprofesor, idgrupo, idintervalo, idmateria, aula) values (660, 282, 35, 9, 22, '29E');
insert into sesion (id, idprofesor, idgrupo, idintervalo, idmateria, aula) values (661, 271, 26, 12, 4, '35C');
insert into sesion (id, idprofesor, idgrupo, idintervalo, idmateria, aula) values (662, 175, 29, 10, 13, '23W');
insert into sesion (id, idprofesor, idgrupo, idintervalo, idmateria, aula) values (663, 174, 34, 11, 20, '16O');
insert into sesion (id, idprofesor, idgrupo, idintervalo, idmateria, aula) values (664, 176, 42, 11, 11, '25W');
insert into sesion (id, idprofesor, idgrupo, idintervalo, idmateria, aula) values (665, 297, 47, 9, 17, '99I');
insert into sesion (id, idprofesor, idgrupo, idintervalo, idmateria, aula) values (666, 227, 45, 8, 2, '65H');
insert into sesion (id, idprofesor, idgrupo, idintervalo, idmateria, aula) values (667, 269, 40, 10, 16, '37N');
insert into sesion (id, idprofesor, idgrupo, idintervalo, idmateria, aula) values (668, 202, 50, 10, 11, '81X');
insert into sesion (id, idprofesor, idgrupo, idintervalo, idmateria, aula) values (669, 298, 48, 12, 7, '90F');
insert into sesion (id, idprofesor, idgrupo, idintervalo, idmateria, aula) values (670, 223, 29, 12, 15, '27E');
insert into sesion (id, idprofesor, idgrupo, idintervalo, idmateria, aula) values (671, 271, 28, 14, 6, '25H');
insert into sesion (id, idprofesor, idgrupo, idintervalo, idmateria, aula) values (672, 260, 41, 14, 8, '76X');
insert into sesion (id, idprofesor, idgrupo, idintervalo, idmateria, aula) values (673, 224, 27, 8, 21, '04P');
insert into sesion (id, idprofesor, idgrupo, idintervalo, idmateria, aula) values (674, 183, 37, 13, 1, '84G');
insert into sesion (id, idprofesor, idgrupo, idintervalo, idmateria, aula) values (675, 174, 46, 14, 4, '46I');
insert into sesion (id, idprofesor, idgrupo, idintervalo, idmateria, aula) values (676, 248, 37, 12, 15, '46D');
insert into sesion (id, idprofesor, idgrupo, idintervalo, idmateria, aula) values (677, 234, 33, 10, 21, '17Q');
insert into sesion (id, idprofesor, idgrupo, idintervalo, idmateria, aula) values (678, 293, 27, 11, 20, '45A');
insert into sesion (id, idprofesor, idgrupo, idintervalo, idmateria, aula) values (679, 293, 32, 13, 24, '28K');
insert into sesion (id, idprofesor, idgrupo, idintervalo, idmateria, aula) values (680, 200, 40, 14, 25, '16F');
insert into sesion (id, idprofesor, idgrupo, idintervalo, idmateria, aula) values (681, 300, 36, 13, 2, '05K');
insert into sesion (id, idprofesor, idgrupo, idintervalo, idmateria, aula) values (682, 193, 33, 10, 2, '62G');
insert into sesion (id, idprofesor, idgrupo, idintervalo, idmateria, aula) values (683, 200, 31, 11, 8, '58A');
insert into sesion (id, idprofesor, idgrupo, idintervalo, idmateria, aula) values (684, 216, 27, 13, 9, '12S');
insert into sesion (id, idprofesor, idgrupo, idintervalo, idmateria, aula) values (685, 212, 30, 13, 7, '85N');
insert into sesion (id, idprofesor, idgrupo, idintervalo, idmateria, aula) values (686, 290, 45, 8, 11, '23Y');
insert into sesion (id, idprofesor, idgrupo, idintervalo, idmateria, aula) values (687, 211, 33, 14, 22, '38K');
insert into sesion (id, idprofesor, idgrupo, idintervalo, idmateria, aula) values (688, 164, 26, 13, 18, '30Z');
insert into sesion (id, idprofesor, idgrupo, idintervalo, idmateria, aula) values (689, 225, 32, 11, 13, '98E');
insert into sesion (id, idprofesor, idgrupo, idintervalo, idmateria, aula) values (690, 300, 29, 8, 6, '15E');
insert into sesion (id, idprofesor, idgrupo, idintervalo, idmateria, aula) values (691, 287, 30, 9, 20, '61Z');
insert into sesion (id, idprofesor, idgrupo, idintervalo, idmateria, aula) values (692, 286, 35, 8, 20, '14M');
insert into sesion (id, idprofesor, idgrupo, idintervalo, idmateria, aula) values (693, 246, 27, 13, 5, '19T');
insert into sesion (id, idprofesor, idgrupo, idintervalo, idmateria, aula) values (694, 253, 34, 12, 6, '28V');
insert into sesion (id, idprofesor, idgrupo, idintervalo, idmateria, aula) values (695, 216, 26, 11, 19, '53I');
insert into sesion (id, idprofesor, idgrupo, idintervalo, idmateria, aula) values (696, 268, 41, 13, 20, '73P');
insert into sesion (id, idprofesor, idgrupo, idintervalo, idmateria, aula) values (697, 180, 38, 13, 8, '65U');
insert into sesion (id, idprofesor, idgrupo, idintervalo, idmateria, aula) values (698, 151, 39, 12, 24, '36I');
insert into sesion (id, idprofesor, idgrupo, idintervalo, idmateria, aula) values (699, 223, 33, 12, 10, '49K');
insert into sesion (id, idprofesor, idgrupo, idintervalo, idmateria, aula) values (700, 176, 36, 12, 9, '28L');
insert into sesion (id, idprofesor, idgrupo, idintervalo, idmateria, aula) values (701, 249, 35, 11, 21, '65X');
insert into sesion (id, idprofesor, idgrupo, idintervalo, idmateria, aula) values (702, 189, 32, 10, 16, '66I');
insert into sesion (id, idprofesor, idgrupo, idintervalo, idmateria, aula) values (703, 291, 31, 10, 23, '52A');
insert into sesion (id, idprofesor, idgrupo, idintervalo, idmateria, aula) values (704, 287, 41, 10, 12, '87R');
insert into sesion (id, idprofesor, idgrupo, idintervalo, idmateria, aula) values (705, 296, 48, 12, 20, '95P');
insert into sesion (id, idprofesor, idgrupo, idintervalo, idmateria, aula) values (706, 277, 40, 9, 18, '96W');
insert into sesion (id, idprofesor, idgrupo, idintervalo, idmateria, aula) values (707, 288, 34, 11, 1, '40E');
insert into sesion (id, idprofesor, idgrupo, idintervalo, idmateria, aula) values (708, 218, 45, 9, 3, '48N');
insert into sesion (id, idprofesor, idgrupo, idintervalo, idmateria, aula) values (709, 230, 29, 12, 5, '83D');
insert into sesion (id, idprofesor, idgrupo, idintervalo, idmateria, aula) values (710, 256, 43, 14, 17, '71N');
insert into sesion (id, idprofesor, idgrupo, idintervalo, idmateria, aula) values (711, 266, 44, 12, 23, '57N');
insert into sesion (id, idprofesor, idgrupo, idintervalo, idmateria, aula) values (712, 273, 49, 14, 9, '10V');
insert into sesion (id, idprofesor, idgrupo, idintervalo, idmateria, aula) values (713, 229, 50, 14, 2, '58K');
insert into sesion (id, idprofesor, idgrupo, idintervalo, idmateria, aula) values (714, 273, 47, 14, 5, '62V');
insert into sesion (id, idprofesor, idgrupo, idintervalo, idmateria, aula) values (715, 235, 38, 12, 14, '55T');
insert into sesion (id, idprofesor, idgrupo, idintervalo, idmateria, aula) values (716, 236, 50, 9, 10, '97V');
insert into sesion (id, idprofesor, idgrupo, idintervalo, idmateria, aula) values (717, 159, 26, 11, 13, '07P');
insert into sesion (id, idprofesor, idgrupo, idintervalo, idmateria, aula) values (718, 285, 39, 13, 2, '75O');
insert into sesion (id, idprofesor, idgrupo, idintervalo, idmateria, aula) values (719, 209, 40, 11, 19, '21N');
insert into sesion (id, idprofesor, idgrupo, idintervalo, idmateria, aula) values (720, 278, 39, 11, 22, '11O');
insert into sesion (id, idprofesor, idgrupo, idintervalo, idmateria, aula) values (721, 295, 44, 8, 8, '04Q');
insert into sesion (id, idprofesor, idgrupo, idintervalo, idmateria, aula) values (722, 265, 35, 8, 10, '90N');
insert into sesion (id, idprofesor, idgrupo, idintervalo, idmateria, aula) values (723, 258, 33, 9, 18, '26E');
insert into sesion (id, idprofesor, idgrupo, idintervalo, idmateria, aula) values (724, 197, 31, 8, 22, '75F');
insert into sesion (id, idprofesor, idgrupo, idintervalo, idmateria, aula) values (725, 222, 39, 10, 7, '28P');
insert into sesion (id, idprofesor, idgrupo, idintervalo, idmateria, aula) values (726, 292, 41, 13, 11, '60J');
insert into sesion (id, idprofesor, idgrupo, idintervalo, idmateria, aula) values (727, 271, 41, 13, 25, '60Y');
insert into sesion (id, idprofesor, idgrupo, idintervalo, idmateria, aula) values (728, 166, 38, 9, 13, '48J');
insert into sesion (id, idprofesor, idgrupo, idintervalo, idmateria, aula) values (729, 232, 35, 13, 9, '19D');
insert into sesion (id, idprofesor, idgrupo, idintervalo, idmateria, aula) values (730, 268, 50, 14, 7, '08P');
insert into sesion (id, idprofesor, idgrupo, idintervalo, idmateria, aula) values (731, 193, 35, 12, 21, '67T');
insert into sesion (id, idprofesor, idgrupo, idintervalo, idmateria, aula) values (732, 241, 47, 14, 6, '17J');
insert into sesion (id, idprofesor, idgrupo, idintervalo, idmateria, aula) values (733, 256, 30, 13, 4, '27L');
insert into sesion (id, idprofesor, idgrupo, idintervalo, idmateria, aula) values (734, 152, 26, 9, 13, '78W');
insert into sesion (id, idprofesor, idgrupo, idintervalo, idmateria, aula) values (735, 195, 40, 13, 11, '31A');
insert into sesion (id, idprofesor, idgrupo, idintervalo, idmateria, aula) values (736, 205, 45, 10, 18, '65E');
insert into sesion (id, idprofesor, idgrupo, idintervalo, idmateria, aula) values (737, 198, 43, 12, 20, '21S');
insert into sesion (id, idprofesor, idgrupo, idintervalo, idmateria, aula) values (738, 196, 30, 13, 13, '18S');
insert into sesion (id, idprofesor, idgrupo, idintervalo, idmateria, aula) values (739, 291, 43, 9, 11, '89U');
insert into sesion (id, idprofesor, idgrupo, idintervalo, idmateria, aula) values (740, 292, 37, 14, 5, '38M');
insert into sesion (id, idprofesor, idgrupo, idintervalo, idmateria, aula) values (741, 265, 43, 10, 22, '01R');
insert into sesion (id, idprofesor, idgrupo, idintervalo, idmateria, aula) values (742, 153, 32, 13, 4, '76V');
insert into sesion (id, idprofesor, idgrupo, idintervalo, idmateria, aula) values (743, 256, 49, 13, 10, '88K');
insert into sesion (id, idprofesor, idgrupo, idintervalo, idmateria, aula) values (744, 169, 29, 10, 22, '76H');
insert into sesion (id, idprofesor, idgrupo, idintervalo, idmateria, aula) values (745, 171, 34, 11, 7, '23R');
insert into sesion (id, idprofesor, idgrupo, idintervalo, idmateria, aula) values (746, 160, 43, 9, 16, '56L');
insert into sesion (id, idprofesor, idgrupo, idintervalo, idmateria, aula) values (747, 299, 42, 13, 2, '76L');
insert into sesion (id, idprofesor, idgrupo, idintervalo, idmateria, aula) values (748, 285, 39, 13, 20, '32F');
insert into sesion (id, idprofesor, idgrupo, idintervalo, idmateria, aula) values (749, 262, 27, 8, 1, '31H');
insert into sesion (id, idprofesor, idgrupo, idintervalo, idmateria, aula) values (750, 275, 46, 13, 6, '82R');
insert into sesion (id, idprofesor, idgrupo, idintervalo, idmateria, aula) values (751, 266, 32, 9, 2, '29O');
insert into sesion (id, idprofesor, idgrupo, idintervalo, idmateria, aula) values (752, 283, 29, 9, 10, '17W');
insert into sesion (id, idprofesor, idgrupo, idintervalo, idmateria, aula) values (753, 297, 28, 10, 11, '66F');
insert into sesion (id, idprofesor, idgrupo, idintervalo, idmateria, aula) values (754, 216, 31, 13, 2, '35J');
insert into sesion (id, idprofesor, idgrupo, idintervalo, idmateria, aula) values (755, 235, 34, 13, 20, '75B');
insert into sesion (id, idprofesor, idgrupo, idintervalo, idmateria, aula) values (756, 253, 46, 12, 7, '25Y');
insert into sesion (id, idprofesor, idgrupo, idintervalo, idmateria, aula) values (757, 227, 46, 8, 10, '98S');
insert into sesion (id, idprofesor, idgrupo, idintervalo, idmateria, aula) values (758, 286, 26, 12, 8, '08N');
insert into sesion (id, idprofesor, idgrupo, idintervalo, idmateria, aula) values (759, 156, 38, 14, 24, '90J');
insert into sesion (id, idprofesor, idgrupo, idintervalo, idmateria, aula) values (760, 163, 45, 13, 17, '94M');
insert into sesion (id, idprofesor, idgrupo, idintervalo, idmateria, aula) values (761, 198, 47, 12, 18, '61J');
insert into sesion (id, idprofesor, idgrupo, idintervalo, idmateria, aula) values (762, 247, 37, 14, 14, '88J');
insert into sesion (id, idprofesor, idgrupo, idintervalo, idmateria, aula) values (763, 178, 38, 11, 9, '64D');
insert into sesion (id, idprofesor, idgrupo, idintervalo, idmateria, aula) values (764, 175, 48, 11, 22, '85U');
insert into sesion (id, idprofesor, idgrupo, idintervalo, idmateria, aula) values (765, 151, 29, 10, 17, '18E');
insert into sesion (id, idprofesor, idgrupo, idintervalo, idmateria, aula) values (766, 273, 34, 10, 13, '06R');
insert into sesion (id, idprofesor, idgrupo, idintervalo, idmateria, aula) values (767, 254, 47, 10, 25, '12F');
insert into sesion (id, idprofesor, idgrupo, idintervalo, idmateria, aula) values (768, 218, 47, 8, 15, '35Y');
insert into sesion (id, idprofesor, idgrupo, idintervalo, idmateria, aula) values (769, 264, 26, 13, 16, '04D');
insert into sesion (id, idprofesor, idgrupo, idintervalo, idmateria, aula) values (770, 185, 37, 13, 18, '77U');
insert into sesion (id, idprofesor, idgrupo, idintervalo, idmateria, aula) values (771, 226, 26, 10, 18, '11Z');
insert into sesion (id, idprofesor, idgrupo, idintervalo, idmateria, aula) values (772, 255, 28, 14, 17, '56U');
insert into sesion (id, idprofesor, idgrupo, idintervalo, idmateria, aula) values (773, 293, 44, 8, 13, '29K');
insert into sesion (id, idprofesor, idgrupo, idintervalo, idmateria, aula) values (774, 165, 48, 9, 25, '36P');
insert into sesion (id, idprofesor, idgrupo, idintervalo, idmateria, aula) values (775, 195, 35, 9, 4, '71D');
insert into sesion (id, idprofesor, idgrupo, idintervalo, idmateria, aula) values (776, 181, 38, 12, 18, '35H');
insert into sesion (id, idprofesor, idgrupo, idintervalo, idmateria, aula) values (777, 284, 45, 11, 18, '36W');
insert into sesion (id, idprofesor, idgrupo, idintervalo, idmateria, aula) values (778, 222, 26, 12, 5, '81O');
insert into sesion (id, idprofesor, idgrupo, idintervalo, idmateria, aula) values (779, 197, 37, 9, 1, '25D');
insert into sesion (id, idprofesor, idgrupo, idintervalo, idmateria, aula) values (780, 203, 48, 9, 15, '05A');
insert into sesion (id, idprofesor, idgrupo, idintervalo, idmateria, aula) values (781, 247, 48, 9, 1, '75Y');
insert into sesion (id, idprofesor, idgrupo, idintervalo, idmateria, aula) values (782, 200, 37, 12, 16, '02A');
insert into sesion (id, idprofesor, idgrupo, idintervalo, idmateria, aula) values (783, 242, 37, 11, 6, '94O');
insert into sesion (id, idprofesor, idgrupo, idintervalo, idmateria, aula) values (784, 296, 39, 11, 1, '83S');
insert into sesion (id, idprofesor, idgrupo, idintervalo, idmateria, aula) values (785, 230, 38, 9, 1, '02C');
insert into sesion (id, idprofesor, idgrupo, idintervalo, idmateria, aula) values (786, 240, 31, 13, 20, '30Y');
insert into sesion (id, idprofesor, idgrupo, idintervalo, idmateria, aula) values (787, 191, 39, 11, 1, '32X');
insert into sesion (id, idprofesor, idgrupo, idintervalo, idmateria, aula) values (788, 158, 28, 14, 16, '43X');
insert into sesion (id, idprofesor, idgrupo, idintervalo, idmateria, aula) values (789, 217, 38, 12, 2, '34Z');
insert into sesion (id, idprofesor, idgrupo, idintervalo, idmateria, aula) values (790, 155, 29, 9, 19, '48E');
insert into sesion (id, idprofesor, idgrupo, idintervalo, idmateria, aula) values (791, 185, 41, 14, 3, '57A');
insert into sesion (id, idprofesor, idgrupo, idintervalo, idmateria, aula) values (792, 262, 38, 13, 20, '52J');
insert into sesion (id, idprofesor, idgrupo, idintervalo, idmateria, aula) values (793, 193, 44, 8, 7, '05E');
insert into sesion (id, idprofesor, idgrupo, idintervalo, idmateria, aula) values (794, 272, 28, 10, 16, '13V');
insert into sesion (id, idprofesor, idgrupo, idintervalo, idmateria, aula) values (795, 250, 30, 14, 14, '94F');
insert into sesion (id, idprofesor, idgrupo, idintervalo, idmateria, aula) values (796, 221, 39, 13, 11, '09G');
insert into sesion (id, idprofesor, idgrupo, idintervalo, idmateria, aula) values (797, 276, 31, 12, 11, '32U');
insert into sesion (id, idprofesor, idgrupo, idintervalo, idmateria, aula) values (798, 201, 48, 11, 14, '18A');
insert into sesion (id, idprofesor, idgrupo, idintervalo, idmateria, aula) values (799, 285, 29, 9, 11, '08O');
insert into sesion (id, idprofesor, idgrupo, idintervalo, idmateria, aula) values (800, 179, 36, 10, 24, '60R');
insert into sesion (id, idprofesor, idgrupo, idintervalo, idmateria, aula) values (801, 214, 29, 8, 4, '10P');
insert into sesion (id, idprofesor, idgrupo, idintervalo, idmateria, aula) values (802, 286, 50, 14, 9, '64N');
insert into sesion (id, idprofesor, idgrupo, idintervalo, idmateria, aula) values (803, 155, 29, 13, 3, '94V');
insert into sesion (id, idprofesor, idgrupo, idintervalo, idmateria, aula) values (804, 172, 49, 14, 5, '13T');
insert into sesion (id, idprofesor, idgrupo, idintervalo, idmateria, aula) values (805, 230, 26, 12, 13, '29I');
insert into sesion (id, idprofesor, idgrupo, idintervalo, idmateria, aula) values (806, 239, 41, 12, 17, '44W');
insert into sesion (id, idprofesor, idgrupo, idintervalo, idmateria, aula) values (807, 244, 44, 10, 1, '17X');
insert into sesion (id, idprofesor, idgrupo, idintervalo, idmateria, aula) values (808, 237, 26, 11, 25, '74L');
insert into sesion (id, idprofesor, idgrupo, idintervalo, idmateria, aula) values (809, 272, 38, 8, 13, '42J');
insert into sesion (id, idprofesor, idgrupo, idintervalo, idmateria, aula) values (810, 264, 33, 9, 6, '27C');
insert into sesion (id, idprofesor, idgrupo, idintervalo, idmateria, aula) values (811, 171, 34, 13, 1, '01P');
insert into sesion (id, idprofesor, idgrupo, idintervalo, idmateria, aula) values (812, 269, 46, 10, 18, '04W');
insert into sesion (id, idprofesor, idgrupo, idintervalo, idmateria, aula) values (813, 193, 37, 14, 14, '39U');
insert into sesion (id, idprofesor, idgrupo, idintervalo, idmateria, aula) values (814, 250, 44, 12, 15, '58K');
insert into sesion (id, idprofesor, idgrupo, idintervalo, idmateria, aula) values (815, 298, 34, 12, 4, '16U');
insert into sesion (id, idprofesor, idgrupo, idintervalo, idmateria, aula) values (816, 175, 39, 14, 21, '25Y');
insert into sesion (id, idprofesor, idgrupo, idintervalo, idmateria, aula) values (817, 264, 33, 13, 25, '19P');
insert into sesion (id, idprofesor, idgrupo, idintervalo, idmateria, aula) values (818, 199, 26, 8, 13, '39O');
insert into sesion (id, idprofesor, idgrupo, idintervalo, idmateria, aula) values (819, 245, 32, 10, 21, '76E');
insert into sesion (id, idprofesor, idgrupo, idintervalo, idmateria, aula) values (820, 239, 28, 11, 20, '76G');
insert into sesion (id, idprofesor, idgrupo, idintervalo, idmateria, aula) values (821, 298, 41, 10, 21, '35T');
insert into sesion (id, idprofesor, idgrupo, idintervalo, idmateria, aula) values (822, 298, 36, 8, 7, '71M');
insert into sesion (id, idprofesor, idgrupo, idintervalo, idmateria, aula) values (823, 278, 49, 14, 8, '51F');
insert into sesion (id, idprofesor, idgrupo, idintervalo, idmateria, aula) values (824, 278, 47, 9, 9, '30X');
insert into sesion (id, idprofesor, idgrupo, idintervalo, idmateria, aula) values (825, 243, 28, 13, 2, '03Q');
insert into sesion (id, idprofesor, idgrupo, idintervalo, idmateria, aula) values (826, 207, 35, 11, 21, '89W');
insert into sesion (id, idprofesor, idgrupo, idintervalo, idmateria, aula) values (827, 169, 45, 12, 9, '13Z');
insert into sesion (id, idprofesor, idgrupo, idintervalo, idmateria, aula) values (828, 211, 38, 10, 8, '43G');
insert into sesion (id, idprofesor, idgrupo, idintervalo, idmateria, aula) values (829, 202, 41, 14, 19, '60Y');
insert into sesion (id, idprofesor, idgrupo, idintervalo, idmateria, aula) values (830, 245, 45, 9, 4, '20G');
insert into sesion (id, idprofesor, idgrupo, idintervalo, idmateria, aula) values (831, 294, 33, 12, 13, '73G');
insert into sesion (id, idprofesor, idgrupo, idintervalo, idmateria, aula) values (832, 187, 33, 13, 11, '97R');
insert into sesion (id, idprofesor, idgrupo, idintervalo, idmateria, aula) values (833, 189, 39, 10, 6, '02Q');
insert into sesion (id, idprofesor, idgrupo, idintervalo, idmateria, aula) values (834, 174, 39, 13, 21, '95L');
insert into sesion (id, idprofesor, idgrupo, idintervalo, idmateria, aula) values (835, 198, 33, 8, 1, '56F');
insert into sesion (id, idprofesor, idgrupo, idintervalo, idmateria, aula) values (836, 235, 42, 12, 19, '46W');
insert into sesion (id, idprofesor, idgrupo, idintervalo, idmateria, aula) values (837, 170, 32, 10, 12, '70C');
insert into sesion (id, idprofesor, idgrupo, idintervalo, idmateria, aula) values (838, 289, 38, 8, 12, '86Z');
insert into sesion (id, idprofesor, idgrupo, idintervalo, idmateria, aula) values (839, 284, 41, 9, 17, '51H');
insert into sesion (id, idprofesor, idgrupo, idintervalo, idmateria, aula) values (840, 253, 35, 8, 21, '27P');
insert into sesion (id, idprofesor, idgrupo, idintervalo, idmateria, aula) values (841, 207, 41, 8, 12, '79L');
insert into sesion (id, idprofesor, idgrupo, idintervalo, idmateria, aula) values (842, 273, 33, 12, 23, '05A');
insert into sesion (id, idprofesor, idgrupo, idintervalo, idmateria, aula) values (843, 151, 34, 13, 15, '45Q');
insert into sesion (id, idprofesor, idgrupo, idintervalo, idmateria, aula) values (844, 230, 48, 10, 22, '96P');
insert into sesion (id, idprofesor, idgrupo, idintervalo, idmateria, aula) values (845, 154, 44, 14, 14, '22H');
insert into sesion (id, idprofesor, idgrupo, idintervalo, idmateria, aula) values (846, 292, 28, 8, 19, '52Q');
insert into sesion (id, idprofesor, idgrupo, idintervalo, idmateria, aula) values (847, 243, 27, 9, 1, '52V');
insert into sesion (id, idprofesor, idgrupo, idintervalo, idmateria, aula) values (848, 285, 31, 9, 20, '80E');
insert into sesion (id, idprofesor, idgrupo, idintervalo, idmateria, aula) values (849, 187, 46, 13, 19, '45G');
insert into sesion (id, idprofesor, idgrupo, idintervalo, idmateria, aula) values (850, 201, 50, 11, 1, '52H');
insert into sesion (id, idprofesor, idgrupo, idintervalo, idmateria, aula) values (851, 285, 37, 9, 16, '10U');
insert into sesion (id, idprofesor, idgrupo, idintervalo, idmateria, aula) values (852, 219, 27, 9, 24, '59R');
insert into sesion (id, idprofesor, idgrupo, idintervalo, idmateria, aula) values (853, 247, 43, 14, 4, '59I');
insert into sesion (id, idprofesor, idgrupo, idintervalo, idmateria, aula) values (854, 255, 50, 10, 1, '93U');
insert into sesion (id, idprofesor, idgrupo, idintervalo, idmateria, aula) values (855, 196, 41, 11, 15, '04N');
insert into sesion (id, idprofesor, idgrupo, idintervalo, idmateria, aula) values (856, 164, 46, 11, 19, '18I');
insert into sesion (id, idprofesor, idgrupo, idintervalo, idmateria, aula) values (857, 229, 26, 14, 11, '02V');
insert into sesion (id, idprofesor, idgrupo, idintervalo, idmateria, aula) values (858, 169, 46, 12, 7, '58U');
insert into sesion (id, idprofesor, idgrupo, idintervalo, idmateria, aula) values (859, 175, 48, 8, 7, '97Z');
insert into sesion (id, idprofesor, idgrupo, idintervalo, idmateria, aula) values (860, 266, 43, 13, 11, '33V');
insert into sesion (id, idprofesor, idgrupo, idintervalo, idmateria, aula) values (861, 223, 45, 9, 3, '53N');
insert into sesion (id, idprofesor, idgrupo, idintervalo, idmateria, aula) values (862, 203, 31, 11, 10, '70M');
insert into sesion (id, idprofesor, idgrupo, idintervalo, idmateria, aula) values (863, 228, 26, 10, 8, '51M');
insert into sesion (id, idprofesor, idgrupo, idintervalo, idmateria, aula) values (864, 248, 32, 12, 15, '69S');
insert into sesion (id, idprofesor, idgrupo, idintervalo, idmateria, aula) values (865, 190, 26, 10, 24, '85U');
insert into sesion (id, idprofesor, idgrupo, idintervalo, idmateria, aula) values (866, 152, 46, 8, 20, '20D');
insert into sesion (id, idprofesor, idgrupo, idintervalo, idmateria, aula) values (867, 298, 30, 14, 17, '51C');
insert into sesion (id, idprofesor, idgrupo, idintervalo, idmateria, aula) values (868, 243, 47, 10, 5, '77K');
insert into sesion (id, idprofesor, idgrupo, idintervalo, idmateria, aula) values (869, 164, 37, 11, 23, '51A');
insert into sesion (id, idprofesor, idgrupo, idintervalo, idmateria, aula) values (870, 159, 33, 10, 20, '12Z');
insert into sesion (id, idprofesor, idgrupo, idintervalo, idmateria, aula) values (871, 153, 26, 9, 11, '76L');
insert into sesion (id, idprofesor, idgrupo, idintervalo, idmateria, aula) values (872, 175, 30, 13, 22, '54C');
insert into sesion (id, idprofesor, idgrupo, idintervalo, idmateria, aula) values (873, 194, 34, 14, 4, '42R');
insert into sesion (id, idprofesor, idgrupo, idintervalo, idmateria, aula) values (874, 243, 36, 13, 21, '24O');
insert into sesion (id, idprofesor, idgrupo, idintervalo, idmateria, aula) values (875, 246, 37, 14, 24, '16M');
insert into sesion (id, idprofesor, idgrupo, idintervalo, idmateria, aula) values (876, 223, 28, 14, 15, '17Z');
insert into sesion (id, idprofesor, idgrupo, idintervalo, idmateria, aula) values (877, 233, 33, 13, 25, '76G');
insert into sesion (id, idprofesor, idgrupo, idintervalo, idmateria, aula) values (878, 277, 29, 14, 10, '29Q');
insert into sesion (id, idprofesor, idgrupo, idintervalo, idmateria, aula) values (879, 209, 48, 8, 5, '62Y');
insert into sesion (id, idprofesor, idgrupo, idintervalo, idmateria, aula) values (880, 260, 47, 12, 14, '77A');
insert into sesion (id, idprofesor, idgrupo, idintervalo, idmateria, aula) values (881, 259, 27, 12, 1, '59P');
insert into sesion (id, idprofesor, idgrupo, idintervalo, idmateria, aula) values (882, 296, 27, 11, 14, '50D');
insert into sesion (id, idprofesor, idgrupo, idintervalo, idmateria, aula) values (883, 258, 38, 9, 10, '21F');
insert into sesion (id, idprofesor, idgrupo, idintervalo, idmateria, aula) values (884, 202, 40, 12, 6, '49Y');
insert into sesion (id, idprofesor, idgrupo, idintervalo, idmateria, aula) values (885, 173, 43, 10, 25, '08L');
insert into sesion (id, idprofesor, idgrupo, idintervalo, idmateria, aula) values (886, 209, 44, 13, 12, '21M');
insert into sesion (id, idprofesor, idgrupo, idintervalo, idmateria, aula) values (887, 204, 43, 11, 21, '14D');
insert into sesion (id, idprofesor, idgrupo, idintervalo, idmateria, aula) values (888, 188, 48, 13, 6, '51X');
insert into sesion (id, idprofesor, idgrupo, idintervalo, idmateria, aula) values (889, 181, 45, 14, 5, '29C');
insert into sesion (id, idprofesor, idgrupo, idintervalo, idmateria, aula) values (890, 199, 45, 14, 22, '67V');
insert into sesion (id, idprofesor, idgrupo, idintervalo, idmateria, aula) values (891, 247, 31, 8, 13, '49D');
insert into sesion (id, idprofesor, idgrupo, idintervalo, idmateria, aula) values (892, 183, 27, 8, 7, '57C');
insert into sesion (id, idprofesor, idgrupo, idintervalo, idmateria, aula) values (893, 179, 34, 11, 10, '11N');
insert into sesion (id, idprofesor, idgrupo, idintervalo, idmateria, aula) values (894, 177, 28, 13, 23, '31K');
insert into sesion (id, idprofesor, idgrupo, idintervalo, idmateria, aula) values (895, 181, 33, 8, 3, '22B');
insert into sesion (id, idprofesor, idgrupo, idintervalo, idmateria, aula) values (896, 270, 39, 8, 15, '96L');
insert into sesion (id, idprofesor, idgrupo, idintervalo, idmateria, aula) values (897, 296, 31, 12, 20, '46K');
insert into sesion (id, idprofesor, idgrupo, idintervalo, idmateria, aula) values (898, 234, 32, 9, 21, '49V');
insert into sesion (id, idprofesor, idgrupo, idintervalo, idmateria, aula) values (899, 163, 39, 9, 22, '43V');
insert into sesion (id, idprofesor, idgrupo, idintervalo, idmateria, aula) values (900, 283, 43, 13, 24, '20W');
insert into sesion (id, idprofesor, idgrupo, idintervalo, idmateria, aula) values (901, 291, 28, 13, 25, '44M');
insert into sesion (id, idprofesor, idgrupo, idintervalo, idmateria, aula) values (902, 177, 46, 9, 9, '73X');
insert into sesion (id, idprofesor, idgrupo, idintervalo, idmateria, aula) values (903, 229, 30, 11, 20, '55Q');
insert into sesion (id, idprofesor, idgrupo, idintervalo, idmateria, aula) values (904, 288, 47, 9, 5, '99T');
insert into sesion (id, idprofesor, idgrupo, idintervalo, idmateria, aula) values (905, 229, 41, 11, 3, '76Z');
insert into sesion (id, idprofesor, idgrupo, idintervalo, idmateria, aula) values (906, 179, 44, 9, 14, '94W');
insert into sesion (id, idprofesor, idgrupo, idintervalo, idmateria, aula) values (907, 193, 32, 14, 17, '68V');
insert into sesion (id, idprofesor, idgrupo, idintervalo, idmateria, aula) values (908, 226, 26, 14, 16, '82B');
insert into sesion (id, idprofesor, idgrupo, idintervalo, idmateria, aula) values (909, 268, 42, 8, 12, '07X');
insert into sesion (id, idprofesor, idgrupo, idintervalo, idmateria, aula) values (910, 243, 33, 12, 8, '95G');
insert into sesion (id, idprofesor, idgrupo, idintervalo, idmateria, aula) values (911, 275, 41, 12, 10, '48W');
insert into sesion (id, idprofesor, idgrupo, idintervalo, idmateria, aula) values (912, 200, 50, 13, 23, '66C');
insert into sesion (id, idprofesor, idgrupo, idintervalo, idmateria, aula) values (913, 158, 50, 9, 24, '69Y');
insert into sesion (id, idprofesor, idgrupo, idintervalo, idmateria, aula) values (914, 159, 50, 12, 10, '76W');
insert into sesion (id, idprofesor, idgrupo, idintervalo, idmateria, aula) values (915, 287, 40, 12, 16, '58B');
insert into sesion (id, idprofesor, idgrupo, idintervalo, idmateria, aula) values (916, 175, 44, 13, 11, '50Z');
insert into sesion (id, idprofesor, idgrupo, idintervalo, idmateria, aula) values (917, 276, 37, 13, 4, '43X');
insert into sesion (id, idprofesor, idgrupo, idintervalo, idmateria, aula) values (918, 218, 38, 12, 5, '06Q');
insert into sesion (id, idprofesor, idgrupo, idintervalo, idmateria, aula) values (919, 171, 34, 10, 21, '14Q');
insert into sesion (id, idprofesor, idgrupo, idintervalo, idmateria, aula) values (920, 272, 28, 14, 1, '97L');
insert into sesion (id, idprofesor, idgrupo, idintervalo, idmateria, aula) values (921, 192, 31, 14, 12, '38Y');
insert into sesion (id, idprofesor, idgrupo, idintervalo, idmateria, aula) values (922, 198, 36, 12, 3, '85Z');
insert into sesion (id, idprofesor, idgrupo, idintervalo, idmateria, aula) values (923, 240, 36, 9, 9, '66V');
insert into sesion (id, idprofesor, idgrupo, idintervalo, idmateria, aula) values (924, 166, 30, 8, 20, '42S');
insert into sesion (id, idprofesor, idgrupo, idintervalo, idmateria, aula) values (925, 235, 27, 9, 9, '14B');
insert into sesion (id, idprofesor, idgrupo, idintervalo, idmateria, aula) values (926, 230, 44, 12, 2, '81E');
insert into sesion (id, idprofesor, idgrupo, idintervalo, idmateria, aula) values (927, 294, 41, 14, 8, '04X');
insert into sesion (id, idprofesor, idgrupo, idintervalo, idmateria, aula) values (928, 295, 34, 12, 4, '08A');
insert into sesion (id, idprofesor, idgrupo, idintervalo, idmateria, aula) values (929, 210, 50, 9, 17, '88E');
insert into sesion (id, idprofesor, idgrupo, idintervalo, idmateria, aula) values (930, 170, 37, 10, 21, '87P');
insert into sesion (id, idprofesor, idgrupo, idintervalo, idmateria, aula) values (931, 212, 47, 13, 7, '49W');
insert into sesion (id, idprofesor, idgrupo, idintervalo, idmateria, aula) values (932, 241, 28, 13, 19, '20H');
insert into sesion (id, idprofesor, idgrupo, idintervalo, idmateria, aula) values (933, 170, 42, 13, 5, '82O');
insert into sesion (id, idprofesor, idgrupo, idintervalo, idmateria, aula) values (934, 234, 34, 11, 14, '66F');
insert into sesion (id, idprofesor, idgrupo, idintervalo, idmateria, aula) values (935, 193, 38, 9, 4, '05T');
insert into sesion (id, idprofesor, idgrupo, idintervalo, idmateria, aula) values (936, 274, 37, 12, 7, '61Q');
insert into sesion (id, idprofesor, idgrupo, idintervalo, idmateria, aula) values (937, 243, 39, 14, 25, '14H');
insert into sesion (id, idprofesor, idgrupo, idintervalo, idmateria, aula) values (938, 210, 45, 8, 1, '60B');
insert into sesion (id, idprofesor, idgrupo, idintervalo, idmateria, aula) values (939, 200, 40, 13, 9, '88K');
insert into sesion (id, idprofesor, idgrupo, idintervalo, idmateria, aula) values (940, 176, 45, 10, 14, '24D');
insert into sesion (id, idprofesor, idgrupo, idintervalo, idmateria, aula) values (941, 239, 50, 13, 11, '71L');
insert into sesion (id, idprofesor, idgrupo, idintervalo, idmateria, aula) values (942, 166, 49, 11, 1, '38W');
insert into sesion (id, idprofesor, idgrupo, idintervalo, idmateria, aula) values (943, 205, 48, 9, 24, '97X');
insert into sesion (id, idprofesor, idgrupo, idintervalo, idmateria, aula) values (944, 227, 49, 8, 16, '94H');
insert into sesion (id, idprofesor, idgrupo, idintervalo, idmateria, aula) values (945, 285, 45, 14, 25, '37K');
insert into sesion (id, idprofesor, idgrupo, idintervalo, idmateria, aula) values (946, 245, 50, 14, 22, '42R');
insert into sesion (id, idprofesor, idgrupo, idintervalo, idmateria, aula) values (947, 171, 34, 14, 19, '22U');
insert into sesion (id, idprofesor, idgrupo, idintervalo, idmateria, aula) values (948, 207, 36, 11, 25, '15G');
insert into sesion (id, idprofesor, idgrupo, idintervalo, idmateria, aula) values (949, 299, 43, 14, 12, '93E');
insert into sesion (id, idprofesor, idgrupo, idintervalo, idmateria, aula) values (950, 212, 34, 12, 25, '85A');
insert into sesion (id, idprofesor, idgrupo, idintervalo, idmateria, aula) values (951, 193, 29, 8, 1, '74N');
insert into sesion (id, idprofesor, idgrupo, idintervalo, idmateria, aula) values (952, 276, 49, 9, 9, '20M');
insert into sesion (id, idprofesor, idgrupo, idintervalo, idmateria, aula) values (953, 155, 46, 14, 5, '57M');
insert into sesion (id, idprofesor, idgrupo, idintervalo, idmateria, aula) values (954, 224, 28, 13, 8, '26G');
insert into sesion (id, idprofesor, idgrupo, idintervalo, idmateria, aula) values (955, 267, 32, 9, 1, '25R');
insert into sesion (id, idprofesor, idgrupo, idintervalo, idmateria, aula) values (956, 209, 45, 11, 13, '70Z');
insert into sesion (id, idprofesor, idgrupo, idintervalo, idmateria, aula) values (957, 267, 30, 13, 2, '59Q');
insert into sesion (id, idprofesor, idgrupo, idintervalo, idmateria, aula) values (958, 195, 36, 14, 18, '13S');
insert into sesion (id, idprofesor, idgrupo, idintervalo, idmateria, aula) values (959, 212, 31, 10, 25, '61K');
insert into sesion (id, idprofesor, idgrupo, idintervalo, idmateria, aula) values (960, 239, 31, 13, 15, '75S');
insert into sesion (id, idprofesor, idgrupo, idintervalo, idmateria, aula) values (961, 246, 36, 11, 25, '88T');
insert into sesion (id, idprofesor, idgrupo, idintervalo, idmateria, aula) values (962, 254, 41, 8, 4, '81L');
insert into sesion (id, idprofesor, idgrupo, idintervalo, idmateria, aula) values (963, 269, 28, 8, 1, '16C');
insert into sesion (id, idprofesor, idgrupo, idintervalo, idmateria, aula) values (964, 290, 33, 12, 14, '44Y');
insert into sesion (id, idprofesor, idgrupo, idintervalo, idmateria, aula) values (965, 198, 48, 8, 18, '61S');
insert into sesion (id, idprofesor, idgrupo, idintervalo, idmateria, aula) values (966, 217, 38, 8, 3, '94C');
insert into sesion (id, idprofesor, idgrupo, idintervalo, idmateria, aula) values (967, 154, 37, 12, 1, '05Y');
insert into sesion (id, idprofesor, idgrupo, idintervalo, idmateria, aula) values (968, 295, 28, 9, 1, '31E');
insert into sesion (id, idprofesor, idgrupo, idintervalo, idmateria, aula) values (969, 199, 34, 10, 24, '47L');
insert into sesion (id, idprofesor, idgrupo, idintervalo, idmateria, aula) values (970, 173, 42, 8, 22, '16X');
insert into sesion (id, idprofesor, idgrupo, idintervalo, idmateria, aula) values (971, 265, 26, 10, 1, '77G');
insert into sesion (id, idprofesor, idgrupo, idintervalo, idmateria, aula) values (972, 298, 38, 9, 9, '31L');
insert into sesion (id, idprofesor, idgrupo, idintervalo, idmateria, aula) values (973, 200, 40, 14, 11, '61E');
insert into sesion (id, idprofesor, idgrupo, idintervalo, idmateria, aula) values (974, 254, 29, 8, 24, '01U');
insert into sesion (id, idprofesor, idgrupo, idintervalo, idmateria, aula) values (975, 191, 48, 9, 19, '90C');
insert into sesion (id, idprofesor, idgrupo, idintervalo, idmateria, aula) values (976, 157, 31, 12, 3, '28I');
insert into sesion (id, idprofesor, idgrupo, idintervalo, idmateria, aula) values (977, 268, 26, 10, 2, '52H');
insert into sesion (id, idprofesor, idgrupo, idintervalo, idmateria, aula) values (978, 187, 35, 8, 4, '61X');
insert into sesion (id, idprofesor, idgrupo, idintervalo, idmateria, aula) values (979, 223, 43, 12, 2, '32P');
insert into sesion (id, idprofesor, idgrupo, idintervalo, idmateria, aula) values (980, 170, 36, 9, 10, '61H');
insert into sesion (id, idprofesor, idgrupo, idintervalo, idmateria, aula) values (981, 299, 39, 9, 13, '18U');
insert into sesion (id, idprofesor, idgrupo, idintervalo, idmateria, aula) values (982, 259, 31, 10, 9, '69A');
insert into sesion (id, idprofesor, idgrupo, idintervalo, idmateria, aula) values (983, 272, 48, 14, 23, '10S');
insert into sesion (id, idprofesor, idgrupo, idintervalo, idmateria, aula) values (984, 239, 35, 11, 10, '07N');
insert into sesion (id, idprofesor, idgrupo, idintervalo, idmateria, aula) values (985, 225, 27, 14, 21, '73N');
insert into sesion (id, idprofesor, idgrupo, idintervalo, idmateria, aula) values (986, 195, 46, 9, 3, '94T');
insert into sesion (id, idprofesor, idgrupo, idintervalo, idmateria, aula) values (987, 293, 37, 11, 21, '33H');
insert into sesion (id, idprofesor, idgrupo, idintervalo, idmateria, aula) values (988, 156, 49, 13, 16, '50P');
insert into sesion (id, idprofesor, idgrupo, idintervalo, idmateria, aula) values (989, 219, 44, 13, 16, '23L');
insert into sesion (id, idprofesor, idgrupo, idintervalo, idmateria, aula) values (990, 251, 36, 10, 5, '01J');
insert into sesion (id, idprofesor, idgrupo, idintervalo, idmateria, aula) values (991, 166, 29, 11, 4, '76U');
insert into sesion (id, idprofesor, idgrupo, idintervalo, idmateria, aula) values (992, 212, 41, 14, 15, '67G');
insert into sesion (id, idprofesor, idgrupo, idintervalo, idmateria, aula) values (993, 223, 49, 9, 7, '21V');
insert into sesion (id, idprofesor, idgrupo, idintervalo, idmateria, aula) values (994, 246, 33, 8, 8, '76N');
insert into sesion (id, idprofesor, idgrupo, idintervalo, idmateria, aula) values (995, 241, 28, 10, 23, '99Y');
insert into sesion (id, idprofesor, idgrupo, idintervalo, idmateria, aula) values (996, 259, 28, 12, 7, '09N');
insert into sesion (id, idprofesor, idgrupo, idintervalo, idmateria, aula) values (997, 272, 32, 12, 1, '70D');
insert into sesion (id, idprofesor, idgrupo, idintervalo, idmateria, aula) values (998, 172, 36, 10, 10, '56I');
insert into sesion (id, idprofesor, idgrupo, idintervalo, idmateria, aula) values (999, 202, 41, 12, 6, '73J');
insert into sesion (id, idprofesor, idgrupo, idintervalo, idmateria, aula) values (1000, 181, 50, 8, 10, '21A');
insert into sesion (id, idprofesor, idgrupo, idintervalo, idmateria, aula) values (1001, 247, 49, 12, 4, '59X');
insert into sesion (id, idprofesor, idgrupo, idintervalo, idmateria, aula) values (1002, 282, 27, 13, 21, '27W');
insert into sesion (id, idprofesor, idgrupo, idintervalo, idmateria, aula) values (1003, 250, 27, 12, 3, '62B');
insert into sesion (id, idprofesor, idgrupo, idintervalo, idmateria, aula) values (1004, 181, 47, 8, 11, '79W');
insert into sesion (id, idprofesor, idgrupo, idintervalo, idmateria, aula) values (1005, 181, 43, 9, 21, '52B');
insert into sesion (id, idprofesor, idgrupo, idintervalo, idmateria, aula) values (1006, 200, 40, 12, 24, '62Q');
insert into sesion (id, idprofesor, idgrupo, idintervalo, idmateria, aula) values (1007, 248, 41, 10, 5, '81K');
insert into sesion (id, idprofesor, idgrupo, idintervalo, idmateria, aula) values (1008, 295, 33, 11, 3, '37Y');
insert into sesion (id, idprofesor, idgrupo, idintervalo, idmateria, aula) values (1009, 283, 40, 13, 15, '29V');
insert into sesion (id, idprofesor, idgrupo, idintervalo, idmateria, aula) values (1010, 276, 34, 13, 25, '72F');
insert into sesion (id, idprofesor, idgrupo, idintervalo, idmateria, aula) values (1011, 182, 31, 14, 7, '14L');
insert into sesion (id, idprofesor, idgrupo, idintervalo, idmateria, aula) values (1012, 258, 35, 12, 9, '75A');
insert into sesion (id, idprofesor, idgrupo, idintervalo, idmateria, aula) values (1013, 270, 32, 13, 12, '16I');
insert into sesion (id, idprofesor, idgrupo, idintervalo, idmateria, aula) values (1014, 244, 45, 12, 6, '09R');
insert into sesion (id, idprofesor, idgrupo, idintervalo, idmateria, aula) values (1015, 209, 31, 11, 9, '07V');
insert into sesion (id, idprofesor, idgrupo, idintervalo, idmateria, aula) values (1016, 251, 44, 8, 18, '03X');
insert into sesion (id, idprofesor, idgrupo, idintervalo, idmateria, aula) values (1017, 217, 39, 14, 3, '46T');
insert into sesion (id, idprofesor, idgrupo, idintervalo, idmateria, aula) values (1018, 283, 46, 9, 4, '55E');
insert into sesion (id, idprofesor, idgrupo, idintervalo, idmateria, aula) values (1019, 299, 43, 8, 1, '25W');
insert into sesion (id, idprofesor, idgrupo, idintervalo, idmateria, aula) values (1020, 218, 45, 10, 24, '13I');
insert into sesion (id, idprofesor, idgrupo, idintervalo, idmateria, aula) values (1021, 224, 46, 14, 11, '94M');
insert into sesion (id, idprofesor, idgrupo, idintervalo, idmateria, aula) values (1022, 243, 50, 8, 19, '89H');
insert into sesion (id, idprofesor, idgrupo, idintervalo, idmateria, aula) values (1023, 257, 41, 13, 8, '67J');
insert into sesion (id, idprofesor, idgrupo, idintervalo, idmateria, aula) values (1024, 262, 31, 10, 21, '28O');
insert into sesion (id, idprofesor, idgrupo, idintervalo, idmateria, aula) values (1025, 201, 40, 11, 14, '82Y');
insert into sesion (id, idprofesor, idgrupo, idintervalo, idmateria, aula) values (1026, 259, 50, 9, 11, '96J');
insert into sesion (id, idprofesor, idgrupo, idintervalo, idmateria, aula) values (1027, 195, 26, 12, 12, '85C');
insert into sesion (id, idprofesor, idgrupo, idintervalo, idmateria, aula) values (1028, 220, 31, 12, 1, '52L');
insert into sesion (id, idprofesor, idgrupo, idintervalo, idmateria, aula) values (1029, 177, 49, 9, 3, '60Z');
insert into sesion (id, idprofesor, idgrupo, idintervalo, idmateria, aula) values (1030, 248, 40, 11, 18, '92G');
insert into sesion (id, idprofesor, idgrupo, idintervalo, idmateria, aula) values (1031, 298, 46, 14, 20, '76J');
insert into sesion (id, idprofesor, idgrupo, idintervalo, idmateria, aula) values (1032, 193, 41, 13, 11, '20O');
insert into sesion (id, idprofesor, idgrupo, idintervalo, idmateria, aula) values (1033, 197, 26, 12, 18, '23Y');
insert into sesion (id, idprofesor, idgrupo, idintervalo, idmateria, aula) values (1034, 267, 28, 12, 21, '39J');
insert into sesion (id, idprofesor, idgrupo, idintervalo, idmateria, aula) values (1035, 259, 50, 14, 4, '83W');
insert into sesion (id, idprofesor, idgrupo, idintervalo, idmateria, aula) values (1036, 252, 46, 8, 24, '76E');
insert into sesion (id, idprofesor, idgrupo, idintervalo, idmateria, aula) values (1037, 159, 36, 10, 6, '75J');
insert into sesion (id, idprofesor, idgrupo, idintervalo, idmateria, aula) values (1038, 287, 37, 11, 21, '71V');
insert into sesion (id, idprofesor, idgrupo, idintervalo, idmateria, aula) values (1039, 200, 45, 14, 1, '25A');
insert into sesion (id, idprofesor, idgrupo, idintervalo, idmateria, aula) values (1040, 266, 43, 13, 25, '59L');
insert into sesion (id, idprofesor, idgrupo, idintervalo, idmateria, aula) values (1041, 269, 34, 14, 21, '69K');
insert into sesion (id, idprofesor, idgrupo, idintervalo, idmateria, aula) values (1042, 299, 39, 8, 9, '58X');
insert into sesion (id, idprofesor, idgrupo, idintervalo, idmateria, aula) values (1043, 234, 43, 11, 4, '61E');
insert into sesion (id, idprofesor, idgrupo, idintervalo, idmateria, aula) values (1044, 216, 32, 14, 20, '15P');
insert into sesion (id, idprofesor, idgrupo, idintervalo, idmateria, aula) values (1045, 210, 30, 9, 9, '78M');
insert into sesion (id, idprofesor, idgrupo, idintervalo, idmateria, aula) values (1046, 226, 36, 10, 24, '86N');
insert into sesion (id, idprofesor, idgrupo, idintervalo, idmateria, aula) values (1047, 197, 30, 9, 16, '90C');
insert into sesion (id, idprofesor, idgrupo, idintervalo, idmateria, aula) values (1048, 233, 40, 11, 8, '64W');
insert into sesion (id, idprofesor, idgrupo, idintervalo, idmateria, aula) values (1049, 274, 35, 11, 16, '71N');
insert into sesion (id, idprofesor, idgrupo, idintervalo, idmateria, aula) values (1050, 161, 41, 14, 7, '49D');
insert into sesion (id, idprofesor, idgrupo, idintervalo, idmateria, aula) values (1051, 197, 50, 12, 7, '72V');
insert into sesion (id, idprofesor, idgrupo, idintervalo, idmateria, aula) values (1052, 206, 29, 9, 7, '08K');
insert into sesion (id, idprofesor, idgrupo, idintervalo, idmateria, aula) values (1053, 286, 45, 8, 6, '72T');
insert into sesion (id, idprofesor, idgrupo, idintervalo, idmateria, aula) values (1054, 223, 37, 11, 17, '61O');
insert into sesion (id, idprofesor, idgrupo, idintervalo, idmateria, aula) values (1055, 154, 39, 14, 18, '68O');
insert into sesion (id, idprofesor, idgrupo, idintervalo, idmateria, aula) values (1056, 185, 30, 12, 7, '72U');
insert into sesion (id, idprofesor, idgrupo, idintervalo, idmateria, aula) values (1057, 184, 30, 9, 25, '52V');
insert into sesion (id, idprofesor, idgrupo, idintervalo, idmateria, aula) values (1058, 171, 29, 11, 22, '68L');
insert into sesion (id, idprofesor, idgrupo, idintervalo, idmateria, aula) values (1059, 274, 26, 12, 21, '78Q');
insert into sesion (id, idprofesor, idgrupo, idintervalo, idmateria, aula) values (1060, 206, 43, 11, 12, '93H');
insert into sesion (id, idprofesor, idgrupo, idintervalo, idmateria, aula) values (1061, 269, 30, 12, 18, '34Q');
insert into sesion (id, idprofesor, idgrupo, idintervalo, idmateria, aula) values (1062, 168, 45, 12, 1, '37Z');
insert into sesion (id, idprofesor, idgrupo, idintervalo, idmateria, aula) values (1063, 264, 35, 12, 15, '41L');
insert into sesion (id, idprofesor, idgrupo, idintervalo, idmateria, aula) values (1064, 294, 40, 13, 22, '40U');
insert into sesion (id, idprofesor, idgrupo, idintervalo, idmateria, aula) values (1065, 297, 41, 10, 8, '05T');
insert into sesion (id, idprofesor, idgrupo, idintervalo, idmateria, aula) values (1066, 234, 44, 8, 4, '45W');
insert into sesion (id, idprofesor, idgrupo, idintervalo, idmateria, aula) values (1067, 239, 44, 8, 10, '13C');
insert into sesion (id, idprofesor, idgrupo, idintervalo, idmateria, aula) values (1068, 227, 47, 13, 3, '16T');
insert into sesion (id, idprofesor, idgrupo, idintervalo, idmateria, aula) values (1069, 219, 27, 10, 6, '48V');
insert into sesion (id, idprofesor, idgrupo, idintervalo, idmateria, aula) values (1070, 257, 39, 12, 1, '83K');
insert into sesion (id, idprofesor, idgrupo, idintervalo, idmateria, aula) values (1071, 250, 43, 12, 22, '23B');
insert into sesion (id, idprofesor, idgrupo, idintervalo, idmateria, aula) values (1072, 224, 46, 14, 5, '47Z');
insert into sesion (id, idprofesor, idgrupo, idintervalo, idmateria, aula) values (1073, 169, 28, 8, 10, '00K');
insert into sesion (id, idprofesor, idgrupo, idintervalo, idmateria, aula) values (1074, 258, 35, 8, 22, '40W');
insert into sesion (id, idprofesor, idgrupo, idintervalo, idmateria, aula) values (1075, 229, 38, 8, 3, '01W');
insert into sesion (id, idprofesor, idgrupo, idintervalo, idmateria, aula) values (1076, 206, 40, 12, 1, '63O');
insert into sesion (id, idprofesor, idgrupo, idintervalo, idmateria, aula) values (1077, 197, 44, 10, 14, '82H');
insert into sesion (id, idprofesor, idgrupo, idintervalo, idmateria, aula) values (1078, 246, 42, 11, 4, '04E');
insert into sesion (id, idprofesor, idgrupo, idintervalo, idmateria, aula) values (1079, 235, 38, 10, 18, '42T');
insert into sesion (id, idprofesor, idgrupo, idintervalo, idmateria, aula) values (1080, 276, 30, 8, 2, '93G');
insert into sesion (id, idprofesor, idgrupo, idintervalo, idmateria, aula) values (1081, 183, 49, 8, 25, '97T');
insert into sesion (id, idprofesor, idgrupo, idintervalo, idmateria, aula) values (1082, 176, 29, 11, 25, '99I');
insert into sesion (id, idprofesor, idgrupo, idintervalo, idmateria, aula) values (1083, 246, 38, 12, 1, '20P');
insert into sesion (id, idprofesor, idgrupo, idintervalo, idmateria, aula) values (1084, 161, 28, 13, 17, '49R');
insert into sesion (id, idprofesor, idgrupo, idintervalo, idmateria, aula) values (1085, 242, 34, 12, 17, '37F');
insert into sesion (id, idprofesor, idgrupo, idintervalo, idmateria, aula) values (1086, 261, 30, 11, 19, '37N');
insert into sesion (id, idprofesor, idgrupo, idintervalo, idmateria, aula) values (1087, 212, 27, 9, 2, '99E');
insert into sesion (id, idprofesor, idgrupo, idintervalo, idmateria, aula) values (1088, 271, 31, 14, 7, '40B');
insert into sesion (id, idprofesor, idgrupo, idintervalo, idmateria, aula) values (1089, 187, 43, 13, 19, '88N');
insert into sesion (id, idprofesor, idgrupo, idintervalo, idmateria, aula) values (1090, 245, 35, 9, 24, '84D');
insert into sesion (id, idprofesor, idgrupo, idintervalo, idmateria, aula) values (1091, 299, 31, 10, 8, '37E');
insert into sesion (id, idprofesor, idgrupo, idintervalo, idmateria, aula) values (1092, 282, 26, 8, 11, '53Y');
insert into sesion (id, idprofesor, idgrupo, idintervalo, idmateria, aula) values (1093, 222, 37, 10, 14, '34Y');
insert into sesion (id, idprofesor, idgrupo, idintervalo, idmateria, aula) values (1094, 239, 35, 14, 5, '95E');
insert into sesion (id, idprofesor, idgrupo, idintervalo, idmateria, aula) values (1095, 187, 31, 8, 19, '14L');
insert into sesion (id, idprofesor, idgrupo, idintervalo, idmateria, aula) values (1096, 174, 40, 13, 6, '53Q');
insert into sesion (id, idprofesor, idgrupo, idintervalo, idmateria, aula) values (1097, 181, 37, 14, 17, '81F');
insert into sesion (id, idprofesor, idgrupo, idintervalo, idmateria, aula) values (1098, 235, 28, 11, 8, '02V');
insert into sesion (id, idprofesor, idgrupo, idintervalo, idmateria, aula) values (1099, 238, 32, 8, 20, '29O');
insert into sesion (id, idprofesor, idgrupo, idintervalo, idmateria, aula) values (1100, 265, 35, 13, 18, '21Y');
insert into sesion (id, idprofesor, idgrupo, idintervalo, idmateria, aula) values (1101, 174, 43, 12, 8, '02V');
insert into sesion (id, idprofesor, idgrupo, idintervalo, idmateria, aula) values (1102, 232, 45, 14, 22, '25Y');
insert into sesion (id, idprofesor, idgrupo, idintervalo, idmateria, aula) values (1103, 168, 35, 8, 23, '03K');
insert into sesion (id, idprofesor, idgrupo, idintervalo, idmateria, aula) values (1104, 198, 28, 8, 3, '72H');
insert into sesion (id, idprofesor, idgrupo, idintervalo, idmateria, aula) values (1105, 249, 33, 11, 16, '02G');
insert into sesion (id, idprofesor, idgrupo, idintervalo, idmateria, aula) values (1106, 293, 39, 12, 11, '32Q');
insert into sesion (id, idprofesor, idgrupo, idintervalo, idmateria, aula) values (1107, 216, 33, 12, 21, '71A');
insert into sesion (id, idprofesor, idgrupo, idintervalo, idmateria, aula) values (1108, 255, 50, 12, 13, '40Z');
insert into sesion (id, idprofesor, idgrupo, idintervalo, idmateria, aula) values (1109, 205, 40, 8, 17, '57E');
insert into sesion (id, idprofesor, idgrupo, idintervalo, idmateria, aula) values (1110, 194, 44, 9, 25, '69T');
insert into sesion (id, idprofesor, idgrupo, idintervalo, idmateria, aula) values (1111, 291, 30, 13, 16, '52R');
insert into sesion (id, idprofesor, idgrupo, idintervalo, idmateria, aula) values (1112, 257, 28, 12, 10, '75U');
insert into sesion (id, idprofesor, idgrupo, idintervalo, idmateria, aula) values (1113, 154, 35, 9, 17, '31M');
insert into sesion (id, idprofesor, idgrupo, idintervalo, idmateria, aula) values (1114, 177, 33, 8, 8, '63A');
insert into sesion (id, idprofesor, idgrupo, idintervalo, idmateria, aula) values (1115, 248, 47, 11, 18, '44I');
insert into sesion (id, idprofesor, idgrupo, idintervalo, idmateria, aula) values (1116, 243, 32, 11, 8, '71D');
insert into sesion (id, idprofesor, idgrupo, idintervalo, idmateria, aula) values (1117, 226, 49, 14, 20, '11U');
insert into sesion (id, idprofesor, idgrupo, idintervalo, idmateria, aula) values (1118, 248, 46, 8, 22, '42C');
insert into sesion (id, idprofesor, idgrupo, idintervalo, idmateria, aula) values (1119, 177, 31, 10, 23, '21V');
insert into sesion (id, idprofesor, idgrupo, idintervalo, idmateria, aula) values (1120, 252, 39, 14, 22, '56E');
insert into sesion (id, idprofesor, idgrupo, idintervalo, idmateria, aula) values (1121, 205, 37, 10, 6, '43S');
insert into sesion (id, idprofesor, idgrupo, idintervalo, idmateria, aula) values (1122, 183, 36, 13, 14, '02S');
insert into sesion (id, idprofesor, idgrupo, idintervalo, idmateria, aula) values (1123, 162, 45, 11, 19, '29U');
insert into sesion (id, idprofesor, idgrupo, idintervalo, idmateria, aula) values (1124, 209, 30, 12, 12, '09T');
insert into sesion (id, idprofesor, idgrupo, idintervalo, idmateria, aula) values (1125, 271, 36, 13, 9, '88N');
insert into sesion (id, idprofesor, idgrupo, idintervalo, idmateria, aula) values (1126, 270, 33, 11, 13, '74X');
insert into sesion (id, idprofesor, idgrupo, idintervalo, idmateria, aula) values (1127, 200, 39, 10, 17, '58G');
insert into sesion (id, idprofesor, idgrupo, idintervalo, idmateria, aula) values (1128, 262, 41, 10, 18, '43P');
insert into sesion (id, idprofesor, idgrupo, idintervalo, idmateria, aula) values (1129, 164, 40, 12, 1, '97Q');
insert into sesion (id, idprofesor, idgrupo, idintervalo, idmateria, aula) values (1130, 201, 35, 10, 12, '42C');
insert into sesion (id, idprofesor, idgrupo, idintervalo, idmateria, aula) values (1131, 172, 32, 13, 22, '16N');
insert into sesion (id, idprofesor, idgrupo, idintervalo, idmateria, aula) values (1132, 166, 39, 9, 24, '94I');
insert into sesion (id, idprofesor, idgrupo, idintervalo, idmateria, aula) values (1133, 280, 37, 10, 22, '50V');
insert into sesion (id, idprofesor, idgrupo, idintervalo, idmateria, aula) values (1134, 286, 28, 13, 3, '76X');
insert into sesion (id, idprofesor, idgrupo, idintervalo, idmateria, aula) values (1135, 158, 29, 13, 25, '51D');
insert into sesion (id, idprofesor, idgrupo, idintervalo, idmateria, aula) values (1136, 168, 40, 13, 13, '64K');
insert into sesion (id, idprofesor, idgrupo, idintervalo, idmateria, aula) values (1137, 215, 44, 12, 19, '07Y');
insert into sesion (id, idprofesor, idgrupo, idintervalo, idmateria, aula) values (1138, 281, 35, 8, 6, '34K');
insert into sesion (id, idprofesor, idgrupo, idintervalo, idmateria, aula) values (1139, 205, 33, 11, 24, '17V');
insert into sesion (id, idprofesor, idgrupo, idintervalo, idmateria, aula) values (1140, 157, 39, 13, 7, '06L');
insert into sesion (id, idprofesor, idgrupo, idintervalo, idmateria, aula) values (1141, 228, 40, 8, 9, '68B');
insert into sesion (id, idprofesor, idgrupo, idintervalo, idmateria, aula) values (1142, 283, 36, 14, 4, '00U');
insert into sesion (id, idprofesor, idgrupo, idintervalo, idmateria, aula) values (1143, 266, 46, 14, 22, '19P');
insert into sesion (id, idprofesor, idgrupo, idintervalo, idmateria, aula) values (1144, 251, 34, 13, 11, '55W');
insert into sesion (id, idprofesor, idgrupo, idintervalo, idmateria, aula) values (1145, 236, 36, 9, 6, '20X');
insert into sesion (id, idprofesor, idgrupo, idintervalo, idmateria, aula) values (1146, 191, 28, 10, 1, '52W');
insert into sesion (id, idprofesor, idgrupo, idintervalo, idmateria, aula) values (1147, 156, 47, 8, 2, '73Q');
insert into sesion (id, idprofesor, idgrupo, idintervalo, idmateria, aula) values (1148, 177, 33, 12, 17, '51C');
insert into sesion (id, idprofesor, idgrupo, idintervalo, idmateria, aula) values (1149, 182, 44, 12, 21, '12H');
insert into sesion (id, idprofesor, idgrupo, idintervalo, idmateria, aula) values (1150, 286, 29, 12, 20, '81N');
insert into sesion (id, idprofesor, idgrupo, idintervalo, idmateria, aula) values (1151, 251, 47, 13, 13, '50F');
insert into sesion (id, idprofesor, idgrupo, idintervalo, idmateria, aula) values (1152, 234, 32, 12, 25, '18B');
insert into sesion (id, idprofesor, idgrupo, idintervalo, idmateria, aula) values (1153, 211, 32, 12, 19, '47X');
insert into sesion (id, idprofesor, idgrupo, idintervalo, idmateria, aula) values (1154, 158, 44, 14, 18, '01S');
insert into sesion (id, idprofesor, idgrupo, idintervalo, idmateria, aula) values (1155, 237, 32, 12, 19, '92D');
insert into sesion (id, idprofesor, idgrupo, idintervalo, idmateria, aula) values (1156, 152, 38, 10, 5, '90S');
insert into sesion (id, idprofesor, idgrupo, idintervalo, idmateria, aula) values (1157, 278, 34, 11, 15, '93X');
insert into sesion (id, idprofesor, idgrupo, idintervalo, idmateria, aula) values (1158, 190, 38, 13, 2, '27Z');
insert into sesion (id, idprofesor, idgrupo, idintervalo, idmateria, aula) values (1159, 161, 49, 11, 22, '44Y');
insert into sesion (id, idprofesor, idgrupo, idintervalo, idmateria, aula) values (1160, 264, 49, 14, 18, '82V');
insert into sesion (id, idprofesor, idgrupo, idintervalo, idmateria, aula) values (1161, 171, 33, 9, 4, '39Q');
insert into sesion (id, idprofesor, idgrupo, idintervalo, idmateria, aula) values (1162, 230, 46, 14, 23, '09M');
insert into sesion (id, idprofesor, idgrupo, idintervalo, idmateria, aula) values (1163, 181, 33, 14, 19, '27Y');
insert into sesion (id, idprofesor, idgrupo, idintervalo, idmateria, aula) values (1164, 227, 33, 14, 5, '35U');
insert into sesion (id, idprofesor, idgrupo, idintervalo, idmateria, aula) values (1165, 296, 46, 9, 16, '38L');
insert into sesion (id, idprofesor, idgrupo, idintervalo, idmateria, aula) values (1166, 284, 45, 10, 17, '74R');
insert into sesion (id, idprofesor, idgrupo, idintervalo, idmateria, aula) values (1167, 226, 26, 9, 11, '47K');
insert into sesion (id, idprofesor, idgrupo, idintervalo, idmateria, aula) values (1168, 177, 45, 11, 9, '67I');
insert into sesion (id, idprofesor, idgrupo, idintervalo, idmateria, aula) values (1169, 300, 43, 9, 5, '75K');
insert into sesion (id, idprofesor, idgrupo, idintervalo, idmateria, aula) values (1170, 184, 40, 8, 21, '22X');
insert into sesion (id, idprofesor, idgrupo, idintervalo, idmateria, aula) values (1171, 264, 40, 9, 21, '87C');
insert into sesion (id, idprofesor, idgrupo, idintervalo, idmateria, aula) values (1172, 287, 37, 11, 19, '93X');
insert into sesion (id, idprofesor, idgrupo, idintervalo, idmateria, aula) values (1173, 267, 46, 14, 8, '62N');
insert into sesion (id, idprofesor, idgrupo, idintervalo, idmateria, aula) values (1174, 205, 42, 13, 18, '05L');
insert into sesion (id, idprofesor, idgrupo, idintervalo, idmateria, aula) values (1175, 242, 48, 9, 6, '77S');
insert into sesion (id, idprofesor, idgrupo, idintervalo, idmateria, aula) values (1176, 158, 26, 8, 11, '36B');
insert into sesion (id, idprofesor, idgrupo, idintervalo, idmateria, aula) values (1177, 184, 50, 8, 25, '99H');
insert into sesion (id, idprofesor, idgrupo, idintervalo, idmateria, aula) values (1178, 227, 39, 10, 2, '22F');
insert into sesion (id, idprofesor, idgrupo, idintervalo, idmateria, aula) values (1179, 228, 31, 9, 12, '54C');
insert into sesion (id, idprofesor, idgrupo, idintervalo, idmateria, aula) values (1180, 268, 27, 13, 8, '52U');
insert into sesion (id, idprofesor, idgrupo, idintervalo, idmateria, aula) values (1181, 209, 30, 12, 24, '75K');
insert into sesion (id, idprofesor, idgrupo, idintervalo, idmateria, aula) values (1182, 211, 40, 12, 14, '76H');
insert into sesion (id, idprofesor, idgrupo, idintervalo, idmateria, aula) values (1183, 258, 26, 14, 4, '12B');
insert into sesion (id, idprofesor, idgrupo, idintervalo, idmateria, aula) values (1184, 269, 32, 13, 24, '83J');
insert into sesion (id, idprofesor, idgrupo, idintervalo, idmateria, aula) values (1185, 256, 41, 14, 1, '27Y');
insert into sesion (id, idprofesor, idgrupo, idintervalo, idmateria, aula) values (1186, 285, 43, 9, 25, '73M');
insert into sesion (id, idprofesor, idgrupo, idintervalo, idmateria, aula) values (1187, 293, 41, 12, 9, '29P');
insert into sesion (id, idprofesor, idgrupo, idintervalo, idmateria, aula) values (1188, 168, 37, 10, 12, '56X');
insert into sesion (id, idprofesor, idgrupo, idintervalo, idmateria, aula) values (1189, 212, 50, 14, 19, '07G');
insert into sesion (id, idprofesor, idgrupo, idintervalo, idmateria, aula) values (1190, 218, 37, 11, 12, '07Q');
insert into sesion (id, idprofesor, idgrupo, idintervalo, idmateria, aula) values (1191, 254, 47, 14, 20, '21X');
insert into sesion (id, idprofesor, idgrupo, idintervalo, idmateria, aula) values (1192, 155, 42, 13, 14, '04U');
insert into sesion (id, idprofesor, idgrupo, idintervalo, idmateria, aula) values (1193, 163, 31, 10, 1, '74J');
insert into sesion (id, idprofesor, idgrupo, idintervalo, idmateria, aula) values (1194, 285, 43, 12, 24, '15G');
insert into sesion (id, idprofesor, idgrupo, idintervalo, idmateria, aula) values (1195, 276, 48, 12, 16, '22T');
insert into sesion (id, idprofesor, idgrupo, idintervalo, idmateria, aula) values (1196, 159, 36, 8, 11, '66V');
insert into sesion (id, idprofesor, idgrupo, idintervalo, idmateria, aula) values (1197, 191, 31, 10, 19, '21J');
insert into sesion (id, idprofesor, idgrupo, idintervalo, idmateria, aula) values (1198, 193, 39, 12, 18, '21L');
insert into sesion (id, idprofesor, idgrupo, idintervalo, idmateria, aula) values (1199, 211, 42, 9, 24, '56R');
insert into sesion (id, idprofesor, idgrupo, idintervalo, idmateria, aula) values (1200, 291, 37, 12, 12, '50J');

-- CARGO
INSERT INTO cargo (id, nombre)
VALUES 
	(1, "COOR"),
    (2, "IT1"),
    (3, "IT2"),
    (4, "IT3"),
    (5, "IT4"),
	(6, "IT5"),
    (7, "P0"),
    (8, "P1"),
    (9, "P2"),
    (10, "CONVIV");

-- CURSO
INSERT INTO curso (nombre)
VALUES 
	("2024/2025"),
    ("2025/2026");
   

