-- PROFESOR
insert into profesor (id, nombre, apellidos, nif, contrasenya, admin, direccion, telefono, email) values (1, 'Melvyn', 'Seiler', '35623425T', 'contr', false, '66 Talmadge Plaza', '230124212', 'mseiler0@google.it');
insert into profesor (id, nombre, apellidos, nif, contrasenya, admin, direccion, telefono, email) values (2, 'Mabel', 'Hartnell', '24234997R', 'contr', false, '64 Marquette Street', '672616826', 'mhartnell1@mit.edu');
insert into profesor (id, nombre, apellidos, nif, contrasenya, admin, direccion, telefono, email) values (3, 'Steven', 'Rubenczyk', '65448975F', 'contr', true, '1 Surrey Road', '575644382', 'srubenczyk2@yellowpages.com');
insert into profesor (id, nombre, apellidos, nif, contrasenya, admin, direccion, telefono, email) values (4, 'Ynes', 'Bernardes', '73654595A', 'contr', false, '3888 Eagan Road', '526477449', 'ybernardes3@surveymonkey.com');
insert into profesor (id, nombre, apellidos, nif, contrasenya, admin, direccion, telefono, email) values (5, 'Annabella', 'Martinho', '74139747V', 'contr', false, '4096 Sachtjen Circle', '274603487', 'amartinho4@umich.edu');
insert into profesor (id, nombre, apellidos, nif, contrasenya, admin, direccion, telefono, email) values (6, 'Nadya', 'Iannelli', '46828158C', 'contr', false, '97447 Main Center', '403516616', 'niannelli5@ow.ly');
insert into profesor (id, nombre, apellidos, nif, contrasenya, admin, direccion, telefono, email) values (7, 'Jone', 'Andriveaux', '90829248P', 'contr', false, '9870 Orin Way', '102245128', 'jandriveaux6@ted.com');
insert into profesor (id, nombre, apellidos, nif, contrasenya, admin, direccion, telefono, email) values (8, 'Berke', 'O''Neill', '88054884Z', 'contr', false, '8780 Pepper Wood Plaza', '401023762', 'boneill7@360.cn');
insert into profesor (id, nombre, apellidos, nif, contrasenya, admin, direccion, telefono, email) values (9, 'Drusie', 'Hopkins', '34049640Z', 'contr', false, '7 Westport Court', '762904851', 'dhopkins8@cbsnews.com');
insert into profesor (id, nombre, apellidos, nif, contrasenya, admin, direccion, telefono, email) values (10, 'Cornie', 'Bertot', '49708611L', 'contr', false, '92901 Victoria Junction', '838879720', 'cbertot9@simplemachines.org');
insert into profesor (id, nombre, apellidos, nif, contrasenya, admin, direccion, telefono, email) values (11, 'Nicol', 'Lovie', '19345318K', 'contr', true, '7122 Eastlawn Place', '051083706', 'nloviea@tuttocitta.it');
insert into profesor (id, nombre, apellidos, nif, contrasenya, admin, direccion, telefono, email) values (12, 'Eugenius', 'Martygin', '13383605H', 'contr', true, '90323 Thompson Avenue', '358322931', 'emartyginb@army.mil');
insert into profesor (id, nombre, apellidos, nif, contrasenya, admin, direccion, telefono, email) values (13, 'Meggy', 'Dannehl', '36795006C', 'contr', false, '46 Derek Hill', '298189403', 'mdannehlc@123-reg.co.uk');
insert into profesor (id, nombre, apellidos, nif, contrasenya, admin, direccion, telefono, email) values (14, 'Arden', 'Pryce', '97490958B', 'contr', false, '166 Sheridan Lane', '422476183', 'apryced@illinois.edu');
insert into profesor (id, nombre, apellidos, nif, contrasenya, admin, direccion, telefono, email) values (15, 'Alie', 'Pote', '76852371E', 'contr', false, '99 Monica Drive', '003145683', 'apotee@surveymonkey.com');
insert into profesor (id, nombre, apellidos, nif, contrasenya, admin, direccion, telefono, email) values (16, 'Stephie', 'Ridgers', '84863586A', 'contr', true, '61486 Bobwhite Avenue', '898385306', 'sridgersf@vkontakte.ru');
insert into profesor (id, nombre, apellidos, nif, contrasenya, admin, direccion, telefono, email) values (17, 'Gillian', 'Castelletti', '41884471O', 'contr', false, '22173 Blue Bill Park Alley', '753572407', 'gcastellettig@skyrock.com');
insert into profesor (id, nombre, apellidos, nif, contrasenya, admin, direccion, telefono, email) values (18, 'Gaby', 'Sherwood', '82138617N', 'contr', false, '3922 Anthes Place', '079762204', 'gsherwoodh@phpbb.com');
insert into profesor (id, nombre, apellidos, nif, contrasenya, admin, direccion, telefono, email) values (19, 'Tessy', 'Shrubsall', '70492149P', 'contr', true, '957 Harper Lane', '562094774', 'tshrubsalli@nature.com');
insert into profesor (id, nombre, apellidos, nif, contrasenya, admin, direccion, telefono, email) values (20, 'Dorris', 'Bourchier', '99982928T', 'contr', true, '02505 Hanover Center', '814715923', 'dbourchierj@phoca.cz');
insert into profesor (id, nombre, apellidos, nif, contrasenya, admin, direccion, telefono, email) values (21, 'Cecilla', 'Grzelak', '03156730A', 'contr', true, '48270 Transport Pass', '219777950', 'cgrzelakk@statcounter.com');
insert into profesor (id, nombre, apellidos, nif, contrasenya, admin, direccion, telefono, email) values (22, 'Jenifer', 'Giraudoux', '69018458G', 'contr', false, '9 Leroy Circle', '311237897', 'jgiraudouxl@skype.com');
insert into profesor (id, nombre, apellidos, nif, contrasenya, admin, direccion, telefono, email) values (23, 'Lavinie', 'Memmory', '23675822F', 'contr', false, '0 Brickson Park Crossing', '095139626', 'lmemmorym@ihg.com');
insert into profesor (id, nombre, apellidos, nif, contrasenya, admin, direccion, telefono, email) values (24, 'Lexis', 'de Juares', '61894516M', 'contr', false, '131 Jay Lane', '698511960', 'ldejuaresn@github.io');
insert into profesor (id, nombre, apellidos, nif, contrasenya, admin, direccion, telefono, email) values (25, 'Tisha', 'Liversidge', '28827425S', 'contr', true, '0348 Lakewood Gardens Court', '680053099', 'tliversidgeo@angelfire.com');
insert into profesor (id, nombre, apellidos, nif, contrasenya, admin, direccion, telefono, email) values (26, 'Brander', 'Whitmore', '22103348Z', 'contr', true, '9 Utah Way', '206762055', 'bwhitmorep@tinyurl.com');
insert into profesor (id, nombre, apellidos, nif, contrasenya, admin, direccion, telefono, email) values (27, 'Caresse', 'Matthiesen', '22384597X', 'contr', true, '1306 Dexter Center', '237891955', 'cmatthiesenq@rambler.ru');
insert into profesor (id, nombre, apellidos, nif, contrasenya, admin, direccion, telefono, email) values (28, 'Myrilla', 'Iorns', '13477485C', 'contr', false, '37753 Gale Place', '659024928', 'miornsr@google.com.br');
insert into profesor (id, nombre, apellidos, nif, contrasenya, admin, direccion, telefono, email) values (29, 'Bevan', 'Yashunin', '12462692G', 'contr', true, '43699 Golden Leaf Way', '196075872', 'byashunins@about.com');
insert into profesor (id, nombre, apellidos, nif, contrasenya, admin, direccion, telefono, email) values (30, 'Noellyn', 'Alphege', '71155842Y', 'contr', true, '719 Warner Road', '218354533', 'nalpheget@dmoz.org');
insert into profesor (id, nombre, apellidos, nif, contrasenya, admin, direccion, telefono, email) values (31, 'Vasily', 'Taw', '98415486C', 'contr', true, '7 Anniversary Trail', '300612436', 'vtawu@youtube.com');
insert into profesor (id, nombre, apellidos, nif, contrasenya, admin, direccion, telefono, email) values (32, 'Kirbie', 'Stearndale', '04919154Q', 'contr', true, '2356 Eggendart Lane', '687093377', 'kstearndalev@shutterfly.com');

-- MATERIA
insert into materia (id, nombre)
values 
	(1, "dwc"),
    (2, "dws"),
    (3, "di"),
    (4, "desp"),
    (5, "ing"),
    (6, "prog"),
    (7, "bbdd"),
    (8, "leng"),
    (9, "sist"),
    (10, "ent"),
    (11, "ad"),
    (12, "desi"),
    (13, "progmov"),
    (14, "sistemp"),
    (15, "eie"),
    (16, "fol"),
    (17, "tutoria");

-- MATERIAS PROFESOR
insert into materiaprofesor (id, idmateria, idprofesor) values (1, 1, 1);
insert into materiaprofesor (id, idmateria, idprofesor) values (2, 1, 2);
insert into materiaprofesor (id, idmateria, idprofesor) values (3, 2, 3);
insert into materiaprofesor (id, idmateria, idprofesor) values (4, 2, 4);
insert into materiaprofesor (id, idmateria, idprofesor) values (5, 3, 5);
insert into materiaprofesor (id, idmateria, idprofesor) values (6, 3, 6);
insert into materiaprofesor (id, idmateria, idprofesor) values (7, 4, 7);
insert into materiaprofesor (id, idmateria, idprofesor) values (8, 4, 8);
insert into materiaprofesor (id, idmateria, idprofesor) values (9, 5, 9);
insert into materiaprofesor (id, idmateria, idprofesor) values (10, 5, 10);
insert into materiaprofesor (id, idmateria, idprofesor) values (11, 6, 11);
insert into materiaprofesor (id, idmateria, idprofesor) values (12, 6, 12);
insert into materiaprofesor (id, idmateria, idprofesor) values (13, 7, 13);
insert into materiaprofesor (id, idmateria, idprofesor) values (14, 7, 14);
insert into materiaprofesor (id, idmateria, idprofesor) values (15, 8, 15);
insert into materiaprofesor (id, idmateria, idprofesor) values (16, 8, 16);
insert into materiaprofesor (id, idmateria, idprofesor) values (17, 9, 17);
insert into materiaprofesor (id, idmateria, idprofesor) values (18, 9, 18);
insert into materiaprofesor (id, idmateria, idprofesor) values (19, 10, 19);
insert into materiaprofesor (id, idmateria, idprofesor) values (20, 10, 20);
insert into materiaprofesor (id, idmateria, idprofesor) values (21, 11, 21);
insert into materiaprofesor (id, idmateria, idprofesor) values (22, 11, 22);
insert into materiaprofesor (id, idmateria, idprofesor) values (23, 12, 23);
insert into materiaprofesor (id, idmateria, idprofesor) values (24, 12, 24);
insert into materiaprofesor (id, idmateria, idprofesor) values (25, 13, 25);
insert into materiaprofesor (id, idmateria, idprofesor) values (26, 13, 26);
insert into materiaprofesor (id, idmateria, idprofesor) values (27, 14, 27);
insert into materiaprofesor (id, idmateria, idprofesor) values (28, 14, 28);
insert into materiaprofesor (id, idmateria, idprofesor) values (29, 15, 29);
insert into materiaprofesor (id, idmateria, idprofesor) values (30, 15, 30);
insert into materiaprofesor (id, idmateria, idprofesor) values (31, 16, 31);
insert into materiaprofesor (id, idmateria, idprofesor) values (32, 16, 32);

-- GRUPO
insert into grupo (id, idtutor, nombre)
values 
	(1, 1, "1-daw-m"),
    (2, 2, "2-daw-m"),
    (3, 3, "1-dam-m"),
    (4, 4, "2-dam-m"),
    (5, 5, "1-daw-t"),
    (6, 6, "2-daw-t"),
    (7, 7, "1-dam-t"),
    (8, 8, "2-dam-t");

-- INTERVALO
INSERT INTO intervalo (id, horainicio, horafin)
VALUES 
	(1, "08:20:00", "09:15:00"),
	(2, "09:15:00", "10:10:00"),
	(3, "10:10:00", "11:00:00"),
	(4, "11:25:00", "12:20:00"),
	(5, "12:20:00", "13:10:00"),
	(6, "13:10:00", "14:00:00"),
	(7, "14:10:00", "15:00:00"),
	(8, "15:15:00", "16:05:00"),
	(9, "16:05:00", "17:00:00"),
	(10, "17:00:00", "17:50:00"),
	(11, "18:10:00", "19:00:00"),
	(12, "19:00:00", "19:50:00"),
	(13, "19:50:00", "20:40:00"),
	(14, "20:50:00", "21:40:00");

-- DIA
INSERT INTO dia (id, nombre)
VALUES
    (1, "lunes"),
    (2, "martes"),
    (3, "miercoles"),
    (4, "jueves"),
    (5, "viernes");

-- CARGO
INSERT INTO cargo (id, nombre)
VALUES 
	(1, "COOR"),
    (2, "IT1"),
    (3, "IT2"),
    (4, "IT3"),
    (5, "IT4"),
	(6, "IT5"),
    (7, "P0"),
    (8, "P1"),
    (9, "P2"),
    (10, "CONVIV");

-- CURSO
INSERT INTO curso (nombre)
VALUES 
	("2024/2025"),
    ("2025/2026");
   

